Country,Div,Date,HomeTeam,AwayTeam,FTHG,FTAG
Australia,A1,26/08/05,Newcastle Jets,Adelaide United,0,1
Australia,A1,26/08/05,Perth Glory,Central Coast Mariners,0,1
Australia,A1,28/08/05,Brisbane Roar,New Zealand Knights,2,0
Australia,A1,28/08/05,Sydney FC,Melbourne Victory,1,1
Australia,A1,02/09/05,Adelaide United,Brisbane Roar,0,0
Australia,A1,02/09/05,New Zealand Knights,Sydney FC,1,3
Australia,A1,04/09/05,Melbourne Victory,Perth Glory,2,2
Australia,A1,04/09/05,Central Coast Mariners,Newcastle Jets,1,1
Australia,A1,09/09/05,Adelaide United,Melbourne Victory,1,0
Australia,A1,10/09/05,Perth Glory,Brisbane Roar,2,1
Australia,A1,10/09/05,Central Coast Mariners,New Zealand Knights,0,2
Australia,A1,11/09/05,Newcastle Jets,Sydney FC,2,1
Australia,A1,16/09/05,Sydney FC,Central Coast Mariners,2,3
Australia,A1,17/09/05,Perth Glory,Adelaide United,1,2
Australia,A1,18/09/05,Newcastle Jets,New Zealand Knights,4,0
Australia,A1,18/09/05,Brisbane Roar,Melbourne Victory,1,1
Australia,A1,22/09/05,New Zealand Knights,Perth Glory,0,1
Australia,A1,23/09/05,Brisbane Roar,Sydney FC,1,3
Australia,A1,25/09/05,Adelaide United,Central Coast Mariners,1,1
Australia,A1,25/09/05,Melbourne Victory,Newcastle Jets,1,0
Australia,A1,30/09/05,Central Coast Mariners,Melbourne Victory,1,2
Australia,A1,01/10/05,Perth Glory,Sydney FC,1,2
Australia,A1,01/10/05,Newcastle Jets,Brisbane Roar,0,1
Australia,A1,02/10/05,New Zealand Knights,Adelaide United,1,2
Australia,A1,07/10/05,Brisbane Roar,Central Coast Mariners,1,1
Australia,A1,08/10/05,Newcastle Jets,Perth Glory,1,5
Australia,A1,09/10/05,Sydney FC,Adelaide United,2,1
Australia,A1,10/10/05,Melbourne Victory,New Zealand Knights,3,0
Australia,A1,14/10/05,Adelaide United,Newcastle Jets,2,4
Australia,A1,15/10/05,New Zealand Knights,Brisbane Roar,0,2
Australia,A1,15/10/05,Central Coast Mariners,Perth Glory,4,0
Australia,A1,16/10/05,Melbourne Victory,Sydney FC,5,0
Australia,A1,21/10/05,Sydney FC,New Zealand Knights,2,0
Australia,A1,22/10/05,Brisbane Roar,Adelaide United,1,2
Australia,A1,23/10/05,Perth Glory,Melbourne Victory,2,1
Australia,A1,23/10/05,Newcastle Jets,Central Coast Mariners,1,0
Australia,A1,28/10/05,Melbourne Victory,Adelaide United,0,1
Australia,A1,29/10/05,Brisbane Roar,Perth Glory,0,0
Australia,A1,29/10/05,New Zealand Knights,Central Coast Mariners,1,3
Australia,A1,30/10/05,Sydney FC,Newcastle Jets,1,1
Australia,A1,04/11/05,Melbourne Victory,Brisbane Roar,0,1
Australia,A1,04/11/05,New Zealand Knights,Newcastle Jets,2,4
Australia,A1,05/11/05,Central Coast Mariners,Sydney FC,1,5
Australia,A1,06/11/05,Adelaide United,Perth Glory,2,4
Australia,A1,11/11/05,Perth Glory,New Zealand Knights,3,0
Australia,A1,11/11/05,Melbourne Victory,Newcastle Jets,0,0
Australia,A1,13/11/05,Central Coast Mariners,Adelaide United,1,2
Australia,A1,13/11/05,Sydney FC,Brisbane Roar,1,0
Australia,A1,18/11/05,Melbourne Victory,Central Coast Mariners,0,2
Australia,A1,19/11/05,Sydney FC,Perth Glory,0,0
Australia,A1,20/11/05,Adelaide United,New Zealand Knights,1,0
Australia,A1,20/11/05,Brisbane Roar,Newcastle Jets,0,1
Australia,A1,25/11/05,Perth Glory,Newcastle Jets,0,1
Australia,A1,25/11/05,Central Coast Mariners,Brisbane Roar,2,2
Australia,A1,26/11/05,New Zealand Knights,Melbourne Victory,2,3
Australia,A1,27/11/05,Adelaide United,Sydney FC,3,2
Australia,A1,01/12/05,Brisbane Roar,New Zealand Knights,1,1
Australia,A1,02/12/05,Newcastle Jets,Adelaide United,1,2
Australia,A1,03/12/05,Sydney FC,Melbourne Victory,2,1
Australia,A1,04/12/05,Perth Glory,Central Coast Mariners,2,2
Australia,A1,29/12/05,Melbourne Victory,Perth Glory,2,2
Australia,A1,30/12/05,New Zealand Knights,Sydney FC,2,2
Australia,A1,31/12/05,Central Coast Mariners,Newcastle Jets,4,1
Australia,A1,01/01/06,Adelaide United,Brisbane Roar,4,2
Australia,A1,05/01/06,Adelaide United,Melbourne Victory,1,0
Australia,A1,06/01/06,Sydney FC,Newcastle Jets,0,0
Australia,A1,07/01/06,Perth Glory,Brisbane Roar,0,2
Australia,A1,08/01/06,Central Coast Mariners,New Zealand Knights,1,0
Australia,A1,12/01/06,Perth Glory,Adelaide United,1,2
Australia,A1,13/01/06,Newcastle Jets,New Zealand Knights,3,0
Australia,A1,14/01/06,Sydney FC,Central Coast Mariners,1,1
Australia,A1,15/01/06,Brisbane Roar,Melbourne Victory,0,1
Australia,A1,19/01/06,New Zealand Knights,Perth Glory,1,4
Australia,A1,20/01/06,Adelaide United,Central Coast Mariners,1,1
Australia,A1,21/01/06,Brisbane Roar,Sydney FC,2,1
Australia,A1,22/01/06,Newcastle Jets,Melbourne Victory,1,0
Australia,A1,26/01/06,Newcastle Jets,Brisbane Roar,0,5
Australia,A1,27/01/06,Central Coast Mariners,Melbourne Victory,3,1
Australia,A1,28/01/06,New Zealand Knights,Adelaide United,1,1
Australia,A1,29/01/06,Perth Glory,Sydney FC,1,2
Australia,A1,03/02/06,Sydney FC,Adelaide United,2,1
Australia,A1,04/02/06,Brisbane Roar,Central Coast Mariners,2,2
Australia,A1,04/02/06,Melbourne Victory,New Zealand Knights,2,1
Australia,A1,05/02/06,Newcastle Jets,Perth Glory,1,3
Australia,A1,10/02/06,Newcastle Jets,Central Coast Mariners,0,1
Australia,A1,12/02/06,Adelaide United,Sydney FC,2,2
Australia,A1,17/02/06,Central Coast Mariners ,Newcastle Jets,1,1
Australia,A1,19/02/06,Sydney FC ,Adelaide United,2,1
Australia,A1,26/02/06,Adelaide United,Central Coast Mariners ,0,1
Australia,A1,05/03/06,Sydney FC ,Central Coast Mariners,1,0
Australia,A1,25/08/06,Melbourne Victory,Adelaide United,2,0
Australia,A1,26/08/06,Brisbane Roar,Perth Glory,3,0
Australia,A1,27/08/06,Sydney FC,Central Coast Mariners,1,0
Australia,A1,27/08/06,New Zealand Knights,Newcastle Jets,0,0
Australia,A1,01/09/06,Newcastle Jets,Brisbane Roar,2,3
Australia,A1,02/09/06,Melbourne Victory,Sydney FC,3,2
Australia,A1,02/09/06,New Zealand Knights,Adelaide United,1,0
Australia,A1,03/09/06,Perth Glory,Central Coast Mariners,2,0
Australia,A1,08/09/06,Adelaide United,Newcastle Jets,5,1
Australia,A1,09/09/06,Central Coast Mariners,Brisbane Roar,0,0
Australia,A1,10/09/06,Perth Glory,Sydney FC,1,1
Australia,A1,10/09/06,New Zealand Knights,Melbourne Victory,0,3
Australia,A1,15/09/06,Brisbane Roar,New Zealand Knights,5,0
Australia,A1,16/09/06,Adelaide United,Perth Glory,3,0
Australia,A1,17/09/06,Melbourne Victory,Central Coast Mariners,1,0
Australia,A1,17/09/06,Sydney FC,Newcastle Jets,2,2
Australia,A1,21/09/06,New Zealand Knights,Sydney FC,0,1
Australia,A1,22/09/06,Brisbane Roar,Adelaide United,0,0
Australia,A1,23/09/06,Central Coast Mariners,Newcastle Jets,1,1
Australia,A1,24/09/06,Perth Glory,Melbourne Victory,1,2
Australia,A1,28/09/06,New Zealand Knights,Central Coast Mariners,0,1
Australia,A1,29/09/06,Newcastle Jets,Perth Glory,0,3
Australia,A1,01/10/06,Melbourne Victory,Brisbane Roar,4,1
Australia,A1,03/10/06,Adelaide United,Sydney FC,1,4
Australia,A1,06/10/06,Perth Glory,New Zealand Knights,1,0
Australia,A1,06/10/06,Adelaide United,Central Coast Mariners,3,1
Australia,A1,08/10/06,Newcastle Jets,Melbourne Victory,0,2
Australia,A1,08/10/06,Sydney FC,Brisbane Roar,1,1
Australia,A1,13/10/06,Central Coast Mariners,Sydney FC,3,1
Australia,A1,14/10/06,Newcastle Jets,New Zealand Knights,3,0
Australia,A1,15/10/06,Perth Glory,Brisbane Roar,1,2
Australia,A1,15/10/06,Melbourne Victory,Adelaide United,0,1
Australia,A1,20/10/06,Central Coast Mariners,Perth Glory,2,1
Australia,A1,21/10/06,Sydney FC,Melbourne Victory,1,2
Australia,A1,22/10/06,Adelaide United,New Zealand Knights,4,2
Australia,A1,22/10/06,Brisbane Roar,Newcastle Jets,0,1
Australia,A1,27/10/06,Newcastle Jets,Adelaide United,2,1
Australia,A1,27/10/06,New Zealand Knights,Melbourne Victory,0,4
Australia,A1,28/10/06,Brisbane Roar,Central Coast Mariners,1,1
Australia,A1,29/10/06,Sydney FC,Perth Glory,1,1
Australia,A1,03/11/06,Melbourne Victory,Central Coast Mariners,3,3
Australia,A1,04/11/06,Newcastle Jets,Sydney FC,1,1
Australia,A1,05/11/06,Adelaide United,Perth Glory,3,2
Australia,A1,05/11/06,New Zealand Knights,Brisbane Roar,1,0
Australia,A1,09/11/06,Melbourne Victory,Perth Glory,1,0
Australia,A1,10/11/06,Sydney FC,New Zealand Knights,4,0
Australia,A1,11/11/06,Brisbane Roar,Adelaide United,0,1
Australia,A1,12/11/06,Newcastle Jets,Central Coast Mariners,3,1
Australia,A1,17/11/06,Brisbane Roar,Melbourne Victory,0,2
Australia,A1,18/11/06,Perth Glory,Newcastle Jets,2,1
Australia,A1,19/11/06,New Zealand Knights,Central Coast Mariners,0,2
Australia,A1,19/11/06,Sydney FC,Adelaide United,2,1
Australia,A1,24/11/06,Sydney FC,Brisbane Roar,3,0
Australia,A1,25/11/06,Central Coast Mariners,Adelaide United,2,0
Australia,A1,26/11/06,Perth Glory,New Zealand Knights,4,1
Australia,A1,26/11/06,Melbourne Victory,Newcastle Jets,0,1
Australia,A1,01/12/06,Adelaide United,Melbourne Victory,1,3
Australia,A1,02/12/06,Brisbane Roar,Perth Glory,1,0
Australia,A1,03/12/06,Central Coast Mariners,Sydney FC,0,0
Australia,A1,03/12/06,New Zealand Knights,Newcastle Jets,1,1
Australia,A1,07/12/06,Brisbane Roar,Newcastle Jets,0,3
Australia,A1,08/12/06,Melbourne Victory,Sydney FC,0,0
Australia,A1,10/12/06,Adelaide United,New Zealand Knights,1,1
Australia,A1,10/12/06,Central Coast Mariners,Perth Glory,1,0
Australia,A1,14/12/06,Sydney FC,Perth Glory,1,0
Australia,A1,15/12/06,Adelaide United,Newcastle Jets,3,2
Australia,A1,16/12/06,Central Coast Mariners,Brisbane Roar,2,3
Australia,A1,17/12/06,Melbourne Victory,New Zealand Knights,4,0
Australia,A1,28/12/06,Perth Glory,Adelaide United,0,0
Australia,A1,29/12/06,New Zealand Knights,Brisbane Roar,3,1
Australia,A1,31/12/06,Central Coast Mariners,Melbourne Victory,1,2
Australia,A1,01/01/07,Newcastle Jets,Sydney FC,0,2
Australia,A1,04/01/07,Adelaide United,Brisbane Roar,0,1
Australia,A1,05/01/07,Newcastle Jets,Central Coast Mariners,1,0
Australia,A1,07/01/07,Perth Glory,Melbourne Victory,2,2
Australia,A1,07/01/07,Sydney FC,New Zealand Knights,0,1
Australia,A1,11/01/07,Central Coast Mariners,New Zealand Knights,0,0
Australia,A1,12/01/07,Melbourne Victory,Brisbane Roar,1,2
Australia,A1,14/01/07,Perth Glory,Newcastle Jets,3,3
Australia,A1,14/01/07,Adelaide United,Sydney FC,1,0
Australia,A1,19/01/07,Newcastle Jets,Melbourne Victory,4,0
Australia,A1,20/01/07,Brisbane Roar,Sydney FC,1,1
Australia,A1,21/01/07,Central Coast Mariners,Adelaide United,1,3
Australia,A1,21/01/07,New Zealand Knights,Perth Glory,2,0
Australia,A1,26/01/07,Sydney FC,Newcastle Jets,2,1
Australia,A1,28/01/07,Adelaide United,Melbourne Victory,0,0
Australia,A1,02/02/07,Newcastle Jets ,Sydney FC,2,0
Australia,A1,04/02/07,Melbourne Victory ,Adelaide United,2,1
Australia,A1,11/02/07,Adelaide United ,Newcastle Jets,2,1
Australia,A1,18/02/07,Melbourne Victory ,Adelaide United,6,0
Australia,A1,24/08/07,Sydney FC,Central Coast Mariners,0,1
Australia,A1,25/08/07,Brisbane Roar,Adelaide United,2,2
Australia,A1,26/08/07,Perth Glory,Newcastle Jets,0,0
Australia,A1,26/08/07,Wellington Phoenix,Melbourne Victory,2,2
Australia,A1,31/08/07,Central Coast Mariners,Wellington Phoenix,3,0
Australia,A1,01/09/07,Melbourne Victory,Perth Glory,0,0
Australia,A1,01/09/07,Sydney FC,Adelaide United,2,2
Australia,A1,02/09/07,Newcastle Jets,Brisbane Roar,1,1
Australia,A1,06/09/07,Brisbane Roar,Central Coast Mariners,0,1
Australia,A1,07/09/07,Adelaide United,Melbourne Victory,1,1
Australia,A1,09/09/07,Perth Glory,Sydney FC,0,0
Australia,A1,09/09/07,Wellington Phoenix,Newcastle Jets,0,1
Australia,A1,14/09/07,Sydney FC,Wellington Phoenix,1,2
Australia,A1,15/09/07,Newcastle Jets,Adelaide United,1,0
Australia,A1,16/09/07,Perth Glory,Brisbane Roar,1,2
Australia,A1,16/09/07,Melbourne Victory,Central Coast Mariners,0,0
Australia,A1,21/09/07,Newcastle Jets,Melbourne Victory,2,2
Australia,A1,22/09/07,Brisbane Roar,Sydney FC,0,1
Australia,A1,22/09/07,Wellington Phoenix,Adelaide United,2,2
Australia,A1,23/09/07,Central Coast Mariners,Perth Glory,1,0
Australia,A1,28/09/07,Melbourne Victory,Brisbane Roar,2,0
Australia,A1,29/09/07,Sydney FC,Newcastle Jets,1,0
Australia,A1,30/09/07,Adelaide United,Central Coast Mariners,2,1
Australia,A1,30/09/07,Wellington Phoenix,Perth Glory,4,1
Australia,A1,05/10/07,Brisbane Roar,Wellington Phoenix,2,1
Australia,A1,06/10/07,Sydney FC,Melbourne Victory,0,1
Australia,A1,07/10/07,Perth Glory,Adelaide United,0,0
Australia,A1,07/10/07,Central Coast Mariners,Newcastle Jets,1,1
Australia,A1,12/10/07,Perth Glory,Sydney FC,3,3
Australia,A1,12/10/07,Adelaide United,Melbourne Victory,4,1
Australia,A1,14/10/07,Central Coast Mariners,Brisbane Roar,0,1
Australia,A1,14/10/07,Newcastle Jets,Wellington Phoenix,2,1
Australia,A1,19/10/07,Newcastle Jets,Brisbane Roar,1,1
Australia,A1,20/10/07,Sydney FC,Adelaide United,0,1
Australia,A1,21/10/07,Melbourne Victory,Perth Glory,2,1
Australia,A1,21/10/07,Wellington Phoenix,Central Coast Mariners,1,2
Australia,A1,26/10/07,Melbourne Victory,Newcastle Jets,0,2
Australia,A1,27/10/07,Brisbane Roar,Perth Glory,3,3
Australia,A1,28/10/07,Adelaide United,Wellington Phoenix,4,1
Australia,A1,28/10/07,Sydney FC,Central Coast Mariners,3,2
Australia,A1,02/11/07,Perth Glory,Wellington Phoenix,0,1
Australia,A1,02/11/07,Adelaide United,Brisbane Roar,0,1
Australia,A1,03/11/07,Newcastle Jets,Sydney FC,0,1
Australia,A1,04/11/07,Central Coast Mariners,Melbourne Victory,2,1
Australia,A1,09/11/07,Newcastle Jets,Perth Glory,1,4
Australia,A1,10/11/07,Central Coast Mariners,Adelaide United,2,0
Australia,A1,10/11/07,Melbourne Victory,Sydney FC,0,0
Australia,A1,11/11/07,Brisbane Roar,Wellington Phoenix,3,0
Australia,A1,16/11/07,Brisbane Roar,Melbourne Victory,1,0
Australia,A1,17/11/07,Wellington Phoenix,Sydney FC,1,1
Australia,A1,18/11/07,Perth Glory,Central Coast Mariners,0,1
Australia,A1,18/11/07,Adelaide United,Newcastle Jets,1,1
Australia,A1,23/11/07,Adelaide United,Perth Glory,1,1
Australia,A1,24/11/07,Melbourne Victory,Wellington Phoenix,1,1
Australia,A1,25/11/07,Sydney FC,Brisbane Roar,0,0
Australia,A1,25/11/07,Newcastle Jets,Central Coast Mariners,0,0
Australia,A1,30/11/07,Brisbane Roar,Newcastle Jets,0,1
Australia,A1,30/11/07,Wellington Phoenix,Adelaide United,1,2
Australia,A1,02/12/07,Perth Glory,Melbourne Victory,3,1
Australia,A1,07/12/07,Sydney FC,Newcastle Jets,1,0
Australia,A1,07/12/07,Wellington Phoenix,Perth Glory,3,0
Australia,A1,08/12/07,Melbourne Victory,Adelaide United,2,2
Australia,A1,09/12/07,Brisbane Roar,Central Coast Mariners,2,1
Australia,A1,14/12/07,Adelaide United,Central Coast Mariners,1,2
Australia,A1,14/12/07,Wellington Phoenix,Brisbane Roar,1,1
Australia,A1,15/12/07,Sydney FC,Perth Glory,2,4
Australia,A1,16/12/07,Melbourne Victory,Newcastle Jets,1,3
Australia,A1,22/12/07,Central Coast Mariners,Sydney FC,4,5
Australia,A1,28/12/07,Adelaide United,Sydney FC,1,3
Australia,A1,30/12/07,Perth Glory,Brisbane Roar,1,4
Australia,A1,30/12/07,Newcastle Jets,Wellington Phoenix,2,3
Australia,A1,31/12/07,Central Coast Mariners,Melbourne Victory,2,5
Australia,A1,04/01/08,Newcastle Jets,Adelaide United,2,1
Australia,A1,04/01/08,Wellington Phoenix,Sydney FC,0,2
Australia,A1,05/01/08,Brisbane Roar,Melbourne Victory,1,2
Australia,A1,06/01/08,Perth Glory,Central Coast Mariners,1,1
Australia,A1,11/01/08,Melbourne Victory,Wellington Phoenix,3,0
Australia,A1,12/01/08,Central Coast Mariners,Newcastle Jets,1,2
Australia,A1,13/01/08,Perth Glory,Adelaide United,3,2
Australia,A1,13/01/08,Brisbane Roar,Sydney FC,0,0
Australia,A1,18/01/08,Newcastle Jets,Perth Glory,2,1
Australia,A1,19/01/08,Central Coast Mariners,Wellington Phoenix,2,0
Australia,A1,20/01/08,Adelaide United,Brisbane Roar,2,0
Australia,A1,20/01/08,Sydney FC,Melbourne Victory,2,2
Australia,A1,25/01/08,Sydney FC,Brisbane Roar,0,0
Australia,A1,27/01/08,Newcastle Jets,Central Coast Mariners,2,0
Australia,A1,08/02/08,Brisbane Roar ,Sydney FC,2,0
Australia,A1,10/02/08,Central Coast Mariners ,Newcastle Jets,2,0
Australia,A1,17/02/08,Newcastle Jets ,Brisbane Roar,3,2
Australia,A1,24/02/08,Central Coast Mariners,Newcastle Jets ,0,1
Australia,A1,15/08/08,Newcastle Jets,Central Coast Mariners,1,1
Australia,A1,16/08/08,Sydney FC,Melbourne Victory,0,0
Australia,A1,17/08/08,Adelaide United,Perth Glory,1,0
Australia,A1,17/08/08,Wellington Phoenix,Brisbane Roar,1,1
Australia,A1,22/08/08,Perth Glory,Newcastle Jets,3,3
Australia,A1,23/08/08,Central Coast Mariners,Sydney FC,2,3
Australia,A1,24/08/08,Brisbane Roar,Adelaide United,1,1
Australia,A1,24/08/08,Wellington Phoenix,Melbourne Victory,2,4
Australia,A1,29/08/08,Melbourne Victory,Newcastle Jets,5,0
Australia,A1,30/08/08,Adelaide United,Wellington Phoenix,3,0
Australia,A1,31/08/08,Brisbane Roar,Central Coast Mariners,2,4
Australia,A1,31/08/08,Sydney FC,Perth Glory,5,2
Australia,A1,12/09/08,Melbourne Victory,Adelaide United,1,0
Australia,A1,13/09/08,Newcastle Jets,Sydney FC,0,0
Australia,A1,14/09/08,Perth Glory,Brisbane Roar,0,3
Australia,A1,14/09/08,Wellington Phoenix,Central Coast Mariners,0,0
Australia,A1,19/09/08,Brisbane Roar,Newcastle Jets,0,1
Australia,A1,20/09/08,Central Coast Mariners,Melbourne Victory,2,2
Australia,A1,20/09/08,Sydney FC,Adelaide United,3,0
Australia,A1,21/09/08,Perth Glory,Wellington Phoenix,1,0
Australia,A1,26/09/08,Central Coast Mariners,Perth Glory,4,1
Australia,A1,27/09/08,Adelaide United,Newcastle Jets,2,0
Australia,A1,28/09/08,Melbourne Victory,Brisbane Roar,0,2
Australia,A1,28/09/08,Wellington Phoenix,Sydney FC,2,1
Australia,A1,03/10/08,Adelaide United,Central Coast Mariners,3,3
Australia,A1,04/10/08,Sydney FC,Brisbane Roar,1,1
Australia,A1,04/10/08,Melbourne Victory,Perth Glory,4,0
Australia,A1,06/10/08,Newcastle Jets,Wellington Phoenix,2,2
Australia,A1,17/10/08,Brisbane Roar,Adelaide United,0,1
Australia,A1,18/10/08,Newcastle Jets,Melbourne Victory,1,0
Australia,A1,19/10/08,Perth Glory,Sydney FC,2,1
Australia,A1,19/10/08,Central Coast Mariners,Wellington Phoenix,0,1
Australia,A1,24/10/08,Central Coast Mariners,Newcastle Jets,1,0
Australia,A1,25/10/08,Melbourne Victory,Sydney FC,0,2
Australia,A1,26/10/08,Adelaide United,Perth Glory,2,1
Australia,A1,26/10/08,Wellington Phoenix,Brisbane Roar,0,1
Australia,A1,31/10/08,Adelaide United,Melbourne Victory,2,3
Australia,A1,01/11/08,Sydney FC,Central Coast Mariners,3,3
Australia,A1,02/11/08,Perth Glory,Wellington Phoenix,2,0
Australia,A1,02/11/08,Newcastle Jets,Brisbane Roar,1,2
Australia,A1,07/11/08,Sydney FC,Wellington Phoenix,1,2
Australia,A1,08/11/08,Brisbane Roar,Melbourne Victory,0,1
Australia,A1,09/11/08,Perth Glory,Newcastle Jets,2,2
Australia,A1,15/11/08,Central Coast Mariners,Adelaide United,3,0
Australia,A1,21/11/08,Melbourne Victory,Central Coast Mariners,2,1
Australia,A1,22/11/08,Adelaide United,Sydney FC,2,0
Australia,A1,23/11/08,Brisbane Roar,Perth Glory,4,1
Australia,A1,23/11/08,Wellington Phoenix,Newcastle Jets,2,0
Australia,A1,28/11/08,Sydney FC,Brisbane Roar,1,1
Australia,A1,28/11/08,Wellington Phoenix,Melbourne Victory,2,1
Australia,A1,29/11/08,Perth Glory,Central Coast Mariners,2,2
Australia,A1,30/11/08,Newcastle Jets,Adelaide United,1,1
Australia,A1,05/12/08,Adelaide United,Wellington Phoenix,6,1
Australia,A1,06/12/08,Perth Glory,Melbourne Victory,3,1
Australia,A1,06/12/08,Central Coast Mariners,Brisbane Roar,1,1
Australia,A1,07/12/08,Newcastle Jets,Sydney FC,1,2
Australia,A1,13/12/08,Central Coast Mariners,Sydney FC,2,1
Australia,A1,13/12/08,Wellington Phoenix,Perth Glory,1,1
Australia,A1,14/12/08,Brisbane Roar,Newcastle Jets,2,1
Australia,A1,19/12/08,Newcastle Jets,Melbourne Victory,4,2
Australia,A1,19/12/08,Wellington Phoenix,Central Coast Mariners,1,0
Australia,A1,21/12/08,Sydney FC,Perth Glory,1,4
Australia,A1,26/12/08,Perth Glory,Adelaide United,0,1
Australia,A1,26/12/08,Newcastle Jets,Central Coast Mariners,1,2
Australia,A1,27/12/08,Melbourne Victory,Sydney FC,3,2
Australia,A1,28/12/08,Brisbane Roar,Wellington Phoenix,3,2
Australia,A1,31/12/08,Central Coast Mariners,Perth Glory,1,0
Australia,A1,02/01/09,Melbourne Victory,Brisbane Roar,2,1
Australia,A1,03/01/09,Adelaide United,Sydney FC,2,0
Australia,A1,04/01/09,Wellington Phoenix,Newcastle Jets,3,0
Australia,A1,06/01/09,Melbourne Victory,Adelaide United,1,0
Australia,A1,09/01/09,Adelaide United,Newcastle Jets,2,0
Australia,A1,10/01/09,Central Coast Mariners,Brisbane Roar,3,4
Australia,A1,11/01/09,Perth Glory,Melbourne Victory,3,2
Australia,A1,11/01/09,Sydney FC,Wellington Phoenix,1,0
Australia,A1,14/01/09,Adelaide United,Brisbane Roar,0,0
Australia,A1,16/01/09,Melbourne Victory,Central Coast Mariners,3,0
Australia,A1,17/01/09,Brisbane Roar,Sydney FC,3,1
Australia,A1,18/01/09,Newcastle Jets,Perth Glory,2,1
Australia,A1,18/01/09,Wellington Phoenix,Adelaide United,1,1
Australia,A1,23/01/09,Melbourne Victory,Wellington Phoenix,2,0
Australia,A1,24/01/09,Brisbane Roar,Perth Glory,4,2
Australia,A1,25/01/09,Central Coast Mariners,Adelaide United,0,1
Australia,A1,25/01/09,Sydney FC,Newcastle Jets,4,0
Australia,A1,06/02/09,Central Coast Mariners,Brisbane Roar,0,2
Australia,A1,07/02/09,Adelaide United,Melbourne Victory,0,2
Australia,A1,13/02/09,Brisbane Roar ,Central Coast Mariners,2,1
Australia,A1,14/02/09,Melbourne Victory ,Adelaide United,4,0
Australia,A1,21/02/09,Adelaide United ,Brisbane Roar,1,0
Australia,A1,28/02/09,Melbourne Victory ,Adelaide United,1,0
Australia,A1,06/08/09,Melbourne Victory,Central Coast Mariners,0,2
Australia,A1,07/08/09,Adelaide United,Perth Glory,1,0
Australia,A1,08/08/09,Brisbane Roar,Gold Coast,1,3
Australia,A1,08/08/09,North Queensland,Sydney FC,2,3
Australia,A1,09/08/09,Newcastle Jets,Wellington Phoenix,3,2
Australia,A1,14/08/09,Central Coast Mariners,Newcastle Jets,1,1
Australia,A1,15/08/09,Melbourne Victory,Brisbane Roar,3,3
Australia,A1,15/08/09,Gold Coast,North Queensland,5,0
Australia,A1,16/08/09,Sydney FC,Adelaide United,1,0
Australia,A1,16/08/09,Wellington Phoenix,Perth Glory,2,1
Australia,A1,21/08/09,Adelaide United,Gold Coast,0,2
Australia,A1,22/08/09,North Queensland,Melbourne Victory,0,1
Australia,A1,22/08/09,Central Coast Mariners,Sydney FC,0,0
Australia,A1,23/08/09,Perth Glory,Newcastle Jets,2,0
Australia,A1,23/08/09,Brisbane Roar,Wellington Phoenix,1,1
Australia,A1,28/08/09,Perth Glory,Melbourne Victory,2,1
Australia,A1,28/08/09,Adelaide United,North Queensland,3,3
Australia,A1,29/08/09,Brisbane Roar,Central Coast Mariners,1,0
Australia,A1,30/08/09,Sydney FC,Wellington Phoenix,2,0
Australia,A1,30/08/09,Newcastle Jets,Gold Coast,1,0
Australia,A1,03/09/09,Melbourne Victory,Newcastle Jets,1,1
Australia,A1,04/09/09,Central Coast Mariners,Perth Glory,2,1
Australia,A1,04/09/09,Wellington Phoenix,Adelaide United,1,1
Australia,A1,05/09/09,North Queensland,Brisbane Roar,1,1
Australia,A1,05/09/09,Gold Coast,Sydney FC,2,1
Australia,A1,11/09/09,Adelaide United,Central Coast Mariners,1,0
Australia,A1,12/09/09,Sydney FC,North Queensland,0,1
Australia,A1,12/09/09,Newcastle Jets,Brisbane Roar,0,3
Australia,A1,13/09/09,Perth Glory,Gold Coast,2,2
Australia,A1,13/09/09,Melbourne Victory,Wellington Phoenix,1,1
Australia,A1,18/09/09,Adelaide United,Melbourne Victory,0,2
Australia,A1,19/09/09,Central Coast Mariners,Gold Coast,3,0
Australia,A1,20/09/09,Brisbane Roar,Perth Glory,2,4
Australia,A1,20/09/09,Sydney FC,Newcastle Jets,2,1
Australia,A1,20/09/09,Wellington Phoenix,North Queensland,1,1
Australia,A1,25/09/09,Newcastle Jets,Perth Glory,0,1
Australia,A1,26/09/09,Gold Coast,Melbourne Victory,2,3
Australia,A1,27/09/09,North Queensland,Adelaide United,0,2
Australia,A1,27/09/09,Brisbane Roar,Sydney FC,1,0
Australia,A1,27/09/09,Wellington Phoenix,Central Coast Mariners,0,0
Australia,A1,02/10/09,Gold Coast,Wellington Phoenix,0,0
Australia,A1,03/10/09,Melbourne Victory,Brisbane Roar,2,1
Australia,A1,03/10/09,Perth Glory,North Queensland,1,1
Australia,A1,05/10/09,Adelaide United,Newcastle Jets,1,1
Australia,A1,05/10/09,Sydney FC,Central Coast Mariners,1,0
Australia,A1,09/10/09,Perth Glory,Adelaide United,1,0
Australia,A1,09/10/09,Melbourne Victory,Sydney FC,0,3
Australia,A1,11/10/09,Brisbane Roar,Gold Coast,0,1
Australia,A1,11/10/09,Central Coast Mariners,North Queensland,1,1
Australia,A1,16/10/09,Adelaide United,Sydney FC,2,1
Australia,A1,17/10/09,North Queensland,Wellington Phoenix,1,1
Australia,A1,17/10/09,Brisbane Roar,Central Coast Mariners,0,3
Australia,A1,18/10/09,Gold Coast,Perth Glory,2,1
Australia,A1,18/10/09,Newcastle Jets,Melbourne Victory,1,3
Australia,A1,23/10/09,Newcastle Jets,Central Coast Mariners,2,1
Australia,A1,24/10/09,North Queensland,Perth Glory,2,1
Australia,A1,24/10/09,Melbourne Victory,Adelaide United,3,1
Australia,A1,25/10/09,Sydney FC,Brisbane Roar,2,1
Australia,A1,25/10/09,Wellington Phoenix,Gold Coast,6,0
Australia,A1,30/10/09,Brisbane Roar,Newcastle Jets,1,1
Australia,A1,31/10/09,Gold Coast,North Queensland,0,2
Australia,A1,31/10/09,Central Coast Mariners,Adelaide United,0,0
Australia,A1,01/11/09,Perth Glory,Melbourne Victory,1,2
Australia,A1,01/11/09,Sydney FC,Wellington Phoenix,3,1
Australia,A1,04/11/09,Wellington Phoenix,Newcastle Jets,3,0
Australia,A1,06/11/09,Adelaide United,Brisbane Roar,0,2
Australia,A1,07/11/09,Gold Coast,Sydney FC,1,0
Australia,A1,07/11/09,Melbourne Victory,Central Coast Mariners,0,4
Australia,A1,08/11/09,Newcastle Jets,North Queensland,2,0
Australia,A1,08/11/09,Wellington Phoenix,Perth Glory,1,1
Australia,A1,20/11/09,Adelaide United,Gold Coast,1,1
Australia,A1,21/11/09,North Queensland,Central Coast Mariners,1,5
Australia,A1,21/11/09,Brisbane Roar,Melbourne Victory,0,1
Australia,A1,22/11/09,Perth Glory,Sydney FC,2,0
Australia,A1,22/11/09,Newcastle Jets,Wellington Phoenix,0,1
Australia,A1,27/11/09,Central Coast Mariners,Perth Glory,0,0
Australia,A1,28/11/09,North Queensland,Adelaide United,2,1
Australia,A1,28/11/09,Melbourne Victory,Gold Coast,4,0
Australia,A1,29/11/09,Brisbane Roar,Wellington Phoenix,4,1
Australia,A1,29/11/09,Sydney FC,Newcastle Jets,1,3
Australia,A1,04/12/09,Adelaide United,Newcastle Jets,0,2
Australia,A1,04/12/09,Wellington Phoenix,Melbourne Victory,1,1
Australia,A1,05/12/09,Gold Coast,Central Coast Mariners,2,1
Australia,A1,05/12/09,Sydney FC,North Queensland,4,1
Australia,A1,06/12/09,Perth Glory,Brisbane Roar,1,1
Australia,A1,11/12/09,North Queensland,Perth Glory,1,0
Australia,A1,12/12/09,Brisbane Roar,Adelaide United,0,1
Australia,A1,12/12/09,Central Coast Mariners,Melbourne Victory,0,3
Australia,A1,12/12/09,Wellington Phoenix,Sydney FC,0,1
Australia,A1,13/12/09,Newcastle Jets,Gold Coast,3,2
Australia,A1,16/12/09,Brisbane Roar,North Queensland,2,0
Australia,A1,18/12/09,Adelaide United,Wellington Phoenix,1,1
Australia,A1,19/12/09,Melbourne Victory,Sydney FC,0,0
Australia,A1,19/12/09,Central Coast Mariners,Brisbane Roar,2,3
Australia,A1,20/12/09,Gold Coast,Perth Glory,2,0
Australia,A1,20/12/09,Newcastle Jets,North Queensland,3,2
Australia,A1,23/12/09,Sydney FC,Central Coast Mariners,1,0
Australia,A1,26/12/09,Perth Glory,Newcastle Jets,4,0
Australia,A1,26/12/09,Gold Coast,Brisbane Roar,5,1
Australia,A1,27/12/09,North Queensland,Melbourne Victory,1,0
Australia,A1,27/12/09,Sydney FC,Adelaide United,1,0
Australia,A1,31/12/09,Central Coast Mariners,Wellington Phoenix,0,2
Australia,A1,09/01/10,Gold Coast,Adelaide United,1,1
Australia,A1,09/01/10,Central Coast Mariners,North Queensland,1,1
Australia,A1,09/01/10,Wellington Phoenix,Brisbane Roar,3,1
Australia,A1,10/01/10,Perth Glory,Sydney FC,0,0
Australia,A1,10/01/10,Newcastle Jets,Melbourne Victory,3,2
Australia,A1,13/01/10,Gold Coast,Newcastle Jets,2,0
Australia,A1,15/01/10,Adelaide United,Central Coast Mariners,1,1
Australia,A1,15/01/10,Wellington Phoenix,North Queensland,3,0
Australia,A1,16/01/10,Brisbane Roar,Newcastle Jets,0,2
Australia,A1,16/01/10,Melbourne Victory,Perth Glory,6,2
Australia,A1,17/01/10,Sydney FC,Gold Coast,0,1
Australia,A1,19/01/10,Adelaide United,Perth Glory,2,3
Australia,A1,22/01/10,Perth Glory,Wellington Phoenix,2,0
Australia,A1,22/01/10,Central Coast Mariners,Gold Coast,1,1
Australia,A1,23/01/10,North Queensland,Brisbane Roar,1,1
Australia,A1,23/01/10,Melbourne Victory,Adelaide United,2,0
Australia,A1,24/01/10,Newcastle Jets,Sydney FC,1,3
Australia,A1,26/01/10,Melbourne Victory,Wellington Phoenix,4,0
Australia,A1,29/01/10,Gold Coast,Melbourne Victory,1,0
Australia,A1,30/01/10,Brisbane Roar,Sydney FC,1,0
Australia,A1,30/01/10,Wellington Phoenix,Adelaide United,1,0
Australia,A1,31/01/10,Perth Glory,Central Coast Mariners,3,1
Australia,A1,02/02/10,North Queensland,Newcastle Jets,2,1
Australia,A1,05/02/10,Melbourne Victory,North Queensland,2,0
Australia,A1,06/02/10,Adelaide United,Brisbane Roar,2,0
Australia,A1,07/02/10,Gold Coast,Wellington Phoenix,0,1
Australia,A1,07/02/10,Sydney FC,Perth Glory,3,2
Australia,A1,08/02/10,Central Coast Mariners,Newcastle Jets,3,0
Australia,A1,12/02/10,Newcastle Jets,Adelaide United,1,2
Australia,A1,12/02/10,Wellington Phoenix,Central Coast Mariners,3,0
Australia,A1,13/02/10,North Queensland,Gold Coast,2,1
Australia,A1,13/02/10,Perth Glory,Brisbane Roar,2,0
Australia,A1,14/02/10,Sydney FC,Melbourne Victory,2,0
Australia,A1,18/02/10,Melbourne Victory,Sydney FC,2,1
Australia,A1,20/02/10,Gold Coast,Newcastle Jets ,0,1
Australia,A1,21/02/10,Wellington Phoenix ,Perth Glory,2,1
Australia,A1,07/03/10,Sydney FC ,Melbourne Victory,2,1
Australia,A1,07/03/10,Wellington Phoenix ,Newcastle Jets,3,1
Australia,A1,13/03/10,Sydney FC ,Wellington Phoenix,4,2
Australia,A1,20/03/10,Melbourne Victory,Sydney FC ,1,2
Australia,A1,05/08/10,Melbourne City,Central Coast Mariners,0,1
Australia,A1,06/08/10,Perth Glory,North Queensland,3,3
Australia,A1,06/08/10,Adelaide United,Newcastle Jets,0,0
Australia,A1,07/08/10,Sydney FC,Melbourne Victory,3,3
Australia,A1,08/08/10,Gold Coast,Brisbane Roar,0,0
Australia,A1,13/08/10,Newcastle Jets,Melbourne City,1,1
Australia,A1,13/08/10,Wellington Phoenix,Gold Coast,3,3
Australia,A1,14/08/10,Melbourne Victory,Perth Glory,0,2
Australia,A1,14/08/10,North Queensland,Sydney FC,2,1
Australia,A1,15/08/10,Central Coast Mariners,Adelaide United,1,1
Australia,A1,20/08/10,Adelaide United,Melbourne City,3,2
Australia,A1,21/08/10,Brisbane Roar,Sydney FC,1,0
Australia,A1,21/08/10,Perth Glory,Newcastle Jets,1,0
Australia,A1,22/08/10,Melbourne Victory,North Queensland,2,2
Australia,A1,22/08/10,Wellington Phoenix,Central Coast Mariners,2,0
Australia,A1,27/08/10,Brisbane Roar,Wellington Phoenix,1,0
Australia,A1,28/08/10,Sydney FC,Central Coast Mariners,1,1
Australia,A1,28/08/10,North Queensland,Adelaide United,2,3
Australia,A1,29/08/10,Melbourne City,Perth Glory,2,2
Australia,A1,29/08/10,Gold Coast,Melbourne Victory,0,1
Australia,A1,03/09/10,Central Coast Mariners,Melbourne Victory,2,0
Australia,A1,04/09/10,Sydney FC,Adelaide United,1,3
Australia,A1,04/09/10,Melbourne City,North Queensland,1,0
Australia,A1,05/09/10,Perth Glory,Wellington Phoenix,2,1
Australia,A1,05/09/10,Newcastle Jets,Brisbane Roar,0,0
Australia,A1,10/09/10,Central Coast Mariners,Melbourne City,1,0
Australia,A1,11/09/10,Adelaide United,Newcastle Jets,2,1
Australia,A1,11/09/10,Wellington Phoenix,Sydney FC,2,1
Australia,A1,12/09/10,Perth Glory,Gold Coast,0,1
Australia,A1,12/09/10,Melbourne Victory,Brisbane Roar,3,0
Australia,A1,15/09/10,Melbourne Victory,Wellington Phoenix,0,0
Australia,A1,17/09/10,Newcastle Jets,Perth Glory,2,0
Australia,A1,18/09/10,Brisbane Roar,Adelaide United,1,1
Australia,A1,18/09/10,North Queensland,Melbourne Victory,0,0
Australia,A1,19/09/10,Gold Coast,Central Coast Mariners,0,0
Australia,A1,19/09/10,Melbourne City,Wellington Phoenix,2,1
Australia,A1,22/09/10,Gold Coast,Newcastle Jets,1,0
Australia,A1,24/09/10,Adelaide United,Perth Glory,2,0
Australia,A1,24/09/10,Wellington Phoenix,North Queensland,2,1
Australia,A1,25/09/10,Newcastle Jets,Melbourne Victory,0,0
Australia,A1,25/09/10,Brisbane Roar,Melbourne City,4,0
Australia,A1,26/09/10,Sydney FC,Gold Coast,1,1
Australia,A1,29/09/10,Sydney FC,North Queensland,1,1
Australia,A1,01/10/10,Gold Coast,Wellington Phoenix,3,1
Australia,A1,02/10/10,Central Coast Mariners,North Queensland,3,2
Australia,A1,03/10/10,Perth Glory,Brisbane Roar,1,2
Australia,A1,04/10/10,Sydney FC,Adelaide United,1,2
Australia,A1,08/10/10,Melbourne City,Melbourne Victory,2,1
Australia,A1,15/10/10,North Queensland,Perth Glory,2,1
Australia,A1,16/10/10,Brisbane Roar,Newcastle Jets,1,1
Australia,A1,16/10/10,Melbourne Victory,Sydney FC,3,0
Australia,A1,17/10/10,Gold Coast,Adelaide United,0,0
Australia,A1,17/10/10,Wellington Phoenix,Melbourne City,2,2
Australia,A1,20/10/10,Brisbane Roar,Central Coast Mariners,2,0
Australia,A1,22/10/10,Adelaide United,Wellington Phoenix,3,0
Australia,A1,23/10/10,Brisbane Roar,Melbourne Victory,2,1
Australia,A1,23/10/10,Melbourne City,Gold Coast,0,0
Australia,A1,24/10/10,Perth Glory,Sydney FC,0,3
Australia,A1,29/10/10,Melbourne Victory,Adelaide United,2,1
Australia,A1,30/10/10,Central Coast Mariners,Perth Glory,5,0
Australia,A1,30/10/10,Sydney FC,Brisbane Roar,1,1
Australia,A1,31/10/10,North Queensland,Gold Coast,1,2
Australia,A1,31/10/10,Newcastle Jets,Melbourne City,0,2
Australia,A1,03/11/10,Perth Glory,Melbourne City,0,0
Australia,A1,03/11/10,Wellington Phoenix,Brisbane Roar,1,4
Australia,A1,05/11/10,North Queensland,Central Coast Mariners,0,1
Australia,A1,06/11/10,Brisbane Roar,Adelaide United,4,0
Australia,A1,06/11/10,Melbourne Victory,Gold Coast,0,1
Australia,A1,07/11/10,Perth Glory,Wellington Phoenix,0,1
Australia,A1,07/11/10,Sydney FC,Newcastle Jets,1,0
Australia,A1,10/11/10,North Queensland,Melbourne City,2,3
Australia,A1,10/11/10,Adelaide United,Perth Glory,2,0
Australia,A1,12/11/10,Gold Coast,Sydney FC,3,1
Australia,A1,13/11/10,Newcastle Jets,Adelaide United,3,1
Australia,A1,13/11/10,Wellington Phoenix,Central Coast Mariners,0,3
Australia,A1,14/11/10,Perth Glory,Melbourne Victory,3,1
Australia,A1,14/11/10,Melbourne City,Brisbane Roar,1,2
Australia,A1,17/11/10,Newcastle Jets,Brisbane Roar,1,1
Australia,A1,18/11/10,Melbourne Victory,Central Coast Mariners,2,2
Australia,A1,19/11/10,Melbourne City,Adelaide United,0,2
Australia,A1,20/11/10,Brisbane Roar,North Queensland,1,1
Australia,A1,20/11/10,Newcastle Jets,Wellington Phoenix,1,0
Australia,A1,21/11/10,Central Coast Mariners,Gold Coast,2,3
Australia,A1,21/11/10,Sydney FC,Perth Glory,2,0
Australia,A1,24/11/10,Brisbane Roar,Perth Glory,3,2
Australia,A1,24/11/10,Newcastle Jets,Central Coast Mariners,1,1
Australia,A1,24/11/10,Wellington Phoenix,Melbourne City,2,0
Australia,A1,26/11/10,Adelaide United,Gold Coast,2,1
Australia,A1,27/11/10,Melbourne City,Sydney FC,0,0
Australia,A1,27/11/10,Wellington Phoenix,Melbourne Victory,2,2
Australia,A1,28/11/10,North Queensland,Perth Glory,1,1
Australia,A1,28/11/10,Central Coast Mariners,Brisbane Roar,1,5
Australia,A1,01/12/10,Gold Coast,North Queensland,1,2
Australia,A1,01/12/10,Sydney FC,Wellington Phoenix,3,1
Australia,A1,03/12/10,Melbourne Victory,Brisbane Roar,3,3
Australia,A1,04/12/10,North Queensland,Newcastle Jets,0,2
Australia,A1,04/12/10,Central Coast Mariners,Sydney FC,4,0
Australia,A1,05/12/10,Gold Coast,Melbourne City,3,0
Australia,A1,05/12/10,Wellington Phoenix,Adelaide United,2,1
Australia,A1,08/12/10,Melbourne City,Newcastle Jets,0,2
Australia,A1,10/12/10,Adelaide United,North Queensland,2,0
Australia,A1,11/12/10,Gold Coast,Wellington Phoenix,2,0
Australia,A1,11/12/10,Melbourne City,Melbourne Victory,1,3
Australia,A1,12/12/10,Perth Glory,Central Coast Mariners,1,1
Australia,A1,12/12/10,Sydney FC,Brisbane Roar,0,1
Australia,A1,15/12/10,North Queensland,Sydney FC,1,0
Australia,A1,15/12/10,Newcastle Jets,Gold Coast,2,0
Australia,A1,17/12/10,Adelaide United,Melbourne City,1,2
Australia,A1,18/12/10,North Queensland,Brisbane Roar,0,2
Australia,A1,18/12/10,Melbourne Victory,Perth Glory,2,0
Australia,A1,18/12/10,Wellington Phoenix,Newcastle Jets,4,0
Australia,A1,22/12/10,Perth Glory,Adelaide United,4,2
Australia,A1,22/12/10,Central Coast Mariners,North Queensland,1,0
Australia,A1,23/12/10,Sydney FC,Melbourne City,0,1
Australia,A1,26/12/10,Brisbane Roar,Gold Coast,2,2
Australia,A1,26/12/10,Central Coast Mariners,Adelaide United,2,0
Australia,A1,27/12/10,North Queensland,Wellington Phoenix,1,1
Australia,A1,27/12/10,Melbourne Victory,Newcastle Jets,2,1
Australia,A1,29/12/10,Adelaide United,Sydney FC,2,0
Australia,A1,31/12/10,Central Coast Mariners,Melbourne Victory,1,2
Australia,A1,02/01/11,Adelaide United,Brisbane Roar,0,1
Australia,A1,02/01/11,Melbourne City,North Queensland,2,0
Australia,A1,03/01/11,Gold Coast,Perth Glory,0,0
Australia,A1,03/01/11,Newcastle Jets,Sydney FC,1,2
Australia,A1,05/01/11,Wellington Phoenix,Melbourne Victory,2,0
Australia,A1,07/01/11,Brisbane Roar,Perth Glory,1,1
Australia,A1,08/01/11,North Queensland,Newcastle Jets,1,3
Australia,A1,08/01/11,Sydney FC,Gold Coast,2,0
Australia,A1,09/01/11,Central Coast Mariners,Wellington Phoenix,1,0
Australia,A1,09/01/11,Melbourne Victory,Adelaide United,1,4
Australia,A1,11/01/11,Newcastle Jets,North Queensland,1,0
Australia,A1,12/01/11,Central Coast Mariners,Brisbane Roar,3,3
Australia,A1,14/01/11,Gold Coast,North Queensland,4,0
Australia,A1,15/01/11,Perth Glory,Melbourne City,1,1
Australia,A1,15/01/11,Sydney FC,Melbourne Victory,1,1
Australia,A1,16/01/11,Newcastle Jets,Central Coast Mariners,0,2
Australia,A1,19/01/11,Perth Glory,Central Coast Mariners,1,2
Australia,A1,19/01/11,Melbourne City,Gold Coast,1,1
Australia,A1,21/01/11,Adelaide United,North Queensland,8,1
Australia,A1,22/01/11,Gold Coast,Newcastle Jets,5,1
Australia,A1,22/01/11,Melbourne Victory,Melbourne City,2,2
Australia,A1,23/01/11,Central Coast Mariners,Sydney FC,2,2
Australia,A1,23/01/11,Wellington Phoenix,Perth Glory,4,0
Australia,A1,26/01/11,North Queensland,Melbourne Victory,0,3
Australia,A1,26/01/11,Brisbane Roar,Wellington Phoenix,2,0
Australia,A1,29/01/11,Perth Glory,Sydney FC,0,2
Australia,A1,29/01/11,Adelaide United,Central Coast Mariners,1,2
Australia,A1,29/01/11,Brisbane Roar,Melbourne City,2,1
Australia,A1,30/01/11,Melbourne Victory,Gold Coast,2,0
Australia,A1,30/01/11,Wellington Phoenix,Newcastle Jets,1,0
Australia,A1,02/02/11,Gold Coast,Adelaide United,0,0
Australia,A1,02/02/11,Melbourne Victory,Newcastle Jets,2,0
Australia,A1,04/02/11,Melbourne City,Central Coast Mariners,1,1
Australia,A1,05/02/11,Adelaide United,Wellington Phoenix,0,1
Australia,A1,06/02/11,Perth Glory,Gold Coast,1,2
Australia,A1,06/02/11,Newcastle Jets,Sydney FC,1,1
Australia,A1,08/02/11,North Queensland,Brisbane Roar,1,2
Australia,A1,09/02/11,Gold Coast,Central Coast Mariners,1,3
Australia,A1,09/02/11,Sydney FC,Wellington Phoenix,2,0
Australia,A1,10/02/11,Newcastle Jets,Perth Glory,4,0
Australia,A1,11/02/11,Adelaide United,Melbourne Victory,2,1
Australia,A1,12/02/11,Brisbane Roar,Gold Coast,4,0
Australia,A1,12/02/11,Melbourne City,Sydney FC,2,2
Australia,A1,13/02/11,Central Coast Mariners,Newcastle Jets,1,0
Australia,A1,13/02/11,Wellington Phoenix,North Queensland,3,1
Australia,A1,18/02/11,Adelaide United ,Wellington Phoenix,1,0
Australia,A1,19/02/11,Central Coast Mariners,Brisbane Roar,0,2
Australia,A1,20/02/11,Gold Coast ,Melbourne Victory,1,0
Australia,A1,26/02/11,Brisbane Roar ,Central Coast Mariners,2,2
Australia,A1,27/02/11,Adelaide United,Gold Coast ,2,3
Australia,A1,05/03/11,Central Coast Mariners ,Gold Coast,1,0
Australia,A1,13/03/11,Brisbane Roar ,Central Coast Mariners,3,2
Australia,A1,08/10/11,Brisbane Roar,Central Coast Mariners,1,0
Australia,A1,08/10/11,Melbourne Victory,Sydney FC,0,0
Australia,A1,08/10/11,Newcastle Jets,Melbourne City,3,2
Australia,A1,09/10/11,Perth Glory,Adelaide United,1,0
Australia,A1,09/10/11,Gold Coast,Wellington Phoenix,1,1
Australia,A1,14/10/11,Adelaide United,Melbourne Victory,1,0
Australia,A1,15/10/11,Sydney FC,Brisbane Roar,0,2
Australia,A1,15/10/11,Central Coast Mariners,Gold Coast,1,1
Australia,A1,16/10/11,Melbourne City,Perth Glory,1,2
Australia,A1,16/10/11,Wellington Phoenix,Newcastle Jets,2,0
Australia,A1,21/10/11,Brisbane Roar,Gold Coast,3,0
Australia,A1,22/10/11,Melbourne Victory,Melbourne City,0,0
Australia,A1,22/10/11,Adelaide United,Sydney FC,1,2
Australia,A1,23/10/11,Perth Glory,Wellington Phoenix,1,0
Australia,A1,23/10/11,Newcastle Jets,Central Coast Mariners,1,0
Australia,A1,28/10/11,Brisbane Roar,Adelaide United,7,1
Australia,A1,29/10/11,Melbourne City,Sydney FC,1,1
Australia,A1,29/10/11,Central Coast Mariners,Perth Glory,2,1
Australia,A1,30/10/11,Gold Coast,Newcastle Jets,3,1
Australia,A1,30/10/11,Wellington Phoenix,Melbourne Victory,1,2
Australia,A1,04/11/11,Adelaide United,Melbourne City,1,1
Australia,A1,04/11/11,Wellington Phoenix,Central Coast Mariners,1,2
Australia,A1,05/11/11,Melbourne Victory,Brisbane Roar,2,2
Australia,A1,05/11/11,Newcastle Jets,Perth Glory,2,0
Australia,A1,06/11/11,Sydney FC,Gold Coast,3,2
Australia,A1,11/11/11,Adelaide United,Gold Coast,2,1
Australia,A1,12/11/11,Perth Glory,Sydney FC,0,1
Australia,A1,12/11/11,Central Coast Mariners,Melbourne Victory,0,0
Australia,A1,12/11/11,Melbourne City,Newcastle Jets,3,0
Australia,A1,13/11/11,Brisbane Roar,Wellington Phoenix,1,1
Australia,A1,18/11/11,Gold Coast,Melbourne City,1,2
Australia,A1,19/11/11,Sydney FC,Central Coast Mariners,2,3
Australia,A1,19/11/11,Newcastle Jets,Brisbane Roar,1,2
Australia,A1,19/11/11,Wellington Phoenix,Adelaide United,1,1
Australia,A1,20/11/11,Melbourne Victory,Perth Glory,2,2
Australia,A1,25/11/11,Adelaide United,Newcastle Jets,0,0
Australia,A1,26/11/11,Brisbane Roar,Perth Glory,4,0
Australia,A1,26/11/11,Central Coast Mariners,Melbourne City,3,1
Australia,A1,27/11/11,Melbourne Victory,Gold Coast,3,2
Australia,A1,27/11/11,Wellington Phoenix,Sydney FC,2,1
Australia,A1,02/12/11,Adelaide United,Central Coast Mariners,0,4
Australia,A1,03/12/11,Perth Glory,Gold Coast,2,0
Australia,A1,03/12/11,Newcastle Jets,Melbourne Victory,3,1
Australia,A1,04/12/11,Sydney FC,Brisbane Roar,2,0
Australia,A1,04/12/11,Melbourne City,Wellington Phoenix,1,0
Australia,A1,09/12/11,Brisbane Roar,Melbourne City,1,2
Australia,A1,10/12/11,Melbourne Victory,Adelaide United,1,1
Australia,A1,10/12/11,Central Coast Mariners,Newcastle Jets,2,0
Australia,A1,10/12/11,Wellington Phoenix,Perth Glory,1,0
Australia,A1,11/12/11,Gold Coast,Sydney FC,0,0
Australia,A1,14/12/11,Wellington Phoenix,Brisbane Roar,2,0
Australia,A1,16/12/11,Adelaide United,Gold Coast,0,3
Australia,A1,17/12/11,Perth Glory,Melbourne City,1,2
Australia,A1,17/12/11,Brisbane Roar,Central Coast Mariners,1,2
Australia,A1,17/12/11,Newcastle Jets,Sydney FC,1,2
Australia,A1,18/12/11,Melbourne Victory,Wellington Phoenix,3,1
Australia,A1,22/12/11,Sydney FC,Adelaide United,2,2
Australia,A1,23/12/11,Perth Glory,Central Coast Mariners,1,3
Australia,A1,23/12/11,Melbourne City,Melbourne Victory,3,2
Australia,A1,23/12/11,Wellington Phoenix,Newcastle Jets,5,2
Australia,A1,26/12/11,Gold Coast,Brisbane Roar,1,0
Australia,A1,29/12/11,Sydney FC,Melbourne City,0,4
Australia,A1,30/12/11,Adelaide United,Wellington Phoenix,2,0
Australia,A1,31/12/11,Brisbane Roar,Melbourne Victory,3,1
Australia,A1,31/12/11,Central Coast Mariners,Gold Coast,0,0
Australia,A1,31/12/11,Newcastle Jets,Perth Glory,1,1
Australia,A1,04/01/12,Perth Glory,Brisbane Roar,3,3
Australia,A1,04/01/12,Central Coast Mariners,Melbourne Victory,2,0
Australia,A1,04/01/12,Newcastle Jets,Gold Coast,3,2
Australia,A1,04/01/12,Melbourne City,Adelaide United,1,3
Australia,A1,04/01/12,Wellington Phoenix,Sydney FC,4,2
Australia,A1,07/01/12,Melbourne Victory,Newcastle Jets,2,1
Australia,A1,07/01/12,Adelaide United,Brisbane Roar,1,1
Australia,A1,08/01/12,Gold Coast,Melbourne City,1,1
Australia,A1,08/01/12,Sydney FC,Central Coast Mariners,0,1
Australia,A1,08/01/12,Wellington Phoenix,Perth Glory,0,1
Australia,A1,13/01/12,Melbourne Victory,Adelaide United,1,1
Australia,A1,14/01/12,Brisbane Roar,Sydney FC,2,1
Australia,A1,14/01/12,Central Coast Mariners,Newcastle Jets,1,1
Australia,A1,15/01/12,Gold Coast,Wellington Phoenix,0,1
Australia,A1,15/01/12,Melbourne City,Perth Glory,1,2
Australia,A1,18/01/12,Melbourne City,Central Coast Mariners,0,1
Australia,A1,18/01/12,Sydney FC,Perth Glory,1,1
Australia,A1,20/01/12,Newcastle Jets,Wellington Phoenix,0,1
Australia,A1,21/01/12,Melbourne City,Brisbane Roar,1,1
Australia,A1,21/01/12,Central Coast Mariners,Adelaide United,3,2
Australia,A1,22/01/12,Perth Glory,Melbourne Victory,4,1
Australia,A1,22/01/12,Sydney FC,Gold Coast,2,1
Australia,A1,25/01/12,Adelaide United,Newcastle Jets,1,1
Australia,A1,26/01/12,Melbourne Victory,Sydney FC,2,2
Australia,A1,28/01/12,Brisbane Roar,Newcastle Jets,0,1
Australia,A1,29/01/12,Adelaide United,Perth Glory,0,3
Australia,A1,29/01/12,Wellington Phoenix,Melbourne City,3,1
Australia,A1,01/02/12,Melbourne Victory,Gold Coast,1,1
Australia,A1,03/02/12,Adelaide United,Wellington Phoenix,1,2
Australia,A1,04/02/12,Melbourne City,Melbourne Victory,0,0
Australia,A1,04/02/12,Central Coast Mariners,Brisbane Roar,0,2
Australia,A1,05/02/12,Sydney FC,Newcastle Jets,2,5
Australia,A1,06/02/12,Perth Glory,Gold Coast,4,0
Australia,A1,10/02/12,Melbourne Victory,Central Coast Mariners,2,1
Australia,A1,11/02/12,Sydney FC,Perth Glory,2,1
Australia,A1,11/02/12,Newcastle Jets,Melbourne City,3,0
Australia,A1,12/02/12,Gold Coast,Adelaide United,1,2
Australia,A1,12/02/12,Wellington Phoenix,Brisbane Roar,0,2
Australia,A1,17/02/12,Melbourne City,Gold Coast,1,0
Australia,A1,18/02/12,Perth Glory,Newcastle Jets,2,0
Australia,A1,18/02/12,Brisbane Roar,Melbourne Victory,3,2
Australia,A1,18/02/12,Central Coast Mariners,Wellington Phoenix,2,0
Australia,A1,19/02/12,Adelaide United,Sydney FC,1,2
Australia,A1,22/02/12,Gold Coast,Central Coast Mariners,3,3
Australia,A1,24/02/12,Newcastle Jets,Adelaide United,1,0
Australia,A1,25/02/12,Perth Glory,Brisbane Roar,0,3
Australia,A1,25/02/12,Gold Coast,Melbourne Victory,1,1
Australia,A1,25/02/12,Sydney FC,Wellington Phoenix,0,1
Australia,A1,26/02/12,Melbourne City,Central Coast Mariners,1,0
Australia,A1,01/03/12,Adelaide United,Perth Glory,0,2
Australia,A1,02/03/12,Brisbane Roar,Melbourne City,1,1
Australia,A1,03/03/12,Central Coast Mariners,Sydney FC,1,1
Australia,A1,03/03/12,Melbourne Victory,Newcastle Jets,1,3
Australia,A1,04/03/12,Wellington Phoenix,Gold Coast,2,0
Australia,A1,09/03/12,Newcastle Jets,Gold Coast,1,1
Australia,A1,10/03/12,Sydney FC,Melbourne Victory,1,0
Australia,A1,10/03/12,Melbourne City,Wellington Phoenix,1,1
Australia,A1,11/03/12,Perth Glory,Central Coast Mariners,1,0
Australia,A1,11/03/12,Brisbane Roar,Adelaide United,1,1
Australia,A1,16/03/12,Melbourne Victory,Wellington Phoenix,3,0
Australia,A1,17/03/12,Melbourne City,Sydney FC,2,2
Australia,A1,17/03/12,Central Coast Mariners,Adelaide United,1,0
Australia,A1,17/03/12,Newcastle Jets,Brisbane Roar,1,2
Australia,A1,18/03/12,Gold Coast,Perth Glory,3,0
Australia,A1,23/03/12,Adelaide United,Melbourne City,1,1
Australia,A1,24/03/12,Perth Glory,Melbourne Victory,4,2
Australia,A1,25/03/12,Gold Coast,Brisbane Roar,1,2
Australia,A1,25/03/12,Sydney FC,Newcastle Jets,3,2
Australia,A1,25/03/12,Wellington Phoenix,Central Coast Mariners,1,2
Australia,A1,30/03/12,Wellington Phoenix ,Sydney FC,3,2
Australia,A1,31/03/12,Brisbane Roar,Central Coast Mariners,2,0
Australia,A1,01/04/12,Perth Glory ,Melbourne City,3,0
Australia,A1,07/04/12,Perth Glory ,Wellington Phoenix,3,2
Australia,A1,08/04/12,Central Coast Mariners,Brisbane Roar ,2,3
Australia,A1,14/04/12,Central Coast Mariners,Perth Glory ,1,2
Australia,A1,22/04/12,Brisbane Roar ,Perth Glory,2,1
Australia,A1,05/10/12,Melbourne Victory,Melbourne City,1,2
Australia,A1,06/10/12,WS Wanderers,Central Coast Mariners,0,0
Australia,A1,06/10/12,Wellington Phoenix,Sydney FC,2,0
Australia,A1,07/10/12,Perth Glory,Brisbane Roar,1,0
Australia,A1,07/10/12,Newcastle Jets ,Adelaide United,0,2
Australia,A1,12/10/12,Adelaide United,WS Wanderers,1,0
Australia,A1,13/10/12,Brisbane Roar,Melbourne Victory,5,0
Australia,A1,13/10/12,Sydney FC,Newcastle Jets,2,3
Australia,A1,14/10/12,Central Coast Mariners,Perth Glory,1,0
Australia,A1,14/10/12,Melbourne City ,Wellington Phoenix,1,1
Australia,A1,19/10/12,Melbourne Victory,Adelaide United,2,1
Australia,A1,20/10/12,WS Wanderers,Sydney FC,0,1
Australia,A1,20/10/12,Newcastle Jets,Central Coast Mariners,2,1
Australia,A1,21/10/12,Perth Glory,Melbourne City,2,0
Australia,A1,21/10/12,Wellington Phoenix,Brisbane Roar,1,1
Australia,A1,26/10/12,Newcastle Jets,Melbourne Victory,2,1
Australia,A1,27/10/12,Brisbane Roar,WS Wanderers,0,1
Australia,A1,27/10/12,Adelaide United,Wellington Phoenix ,3,1
Australia,A1,28/10/12,Sydney FC,Perth Glory ,2,1
Australia,A1,28/10/12,Melbourne City,Central Coast Mariners,0,1
Australia,A1,02/11/12,WS Wanderers,Melbourne City,2,1
Australia,A1,03/11/12,Perth Glory,Newcastle Jets,3,2
Australia,A1,03/11/12,Central Coast Mariners,Sydney FC,7,2
Australia,A1,04/11/12,Brisbane Roar,Adelaide United,0,1
Australia,A1,05/11/12,Melbourne Victory,Wellington Phoenix,3,2
Australia,A1,09/11/12,Melbourne City,Brisbane Roar,4,1
Australia,A1,10/11/12,Sydney FC,Melbourne Victory,2,3
Australia,A1,10/11/12,WS Wanderers,Newcastle Jets ,1,2
Australia,A1,11/11/12,Adelaide United,Perth Glory,1,1
Australia,A1,11/11/12,Wellington Phoenix,Central Coast Mariners,0,1
Australia,A1,16/11/12,Brisbane Roar,Sydney FC,4,2
Australia,A1,17/11/12,Melbourne Victory ,Central Coast Mariners ,2,2
Australia,A1,17/11/12,Adelaide United,Melbourne City,1,0
Australia,A1,18/11/12,Perth Glory,WS Wanderers ,0,1
Australia,A1,18/11/12,Newcastle Jets,Wellington Phoenix,0,3
Australia,A1,23/11/12,Sydney FC,Adelaide United,1,2
Australia,A1,24/11/12,Perth Glory,Wellington Phoenix,1,1
Australia,A1,24/11/12,WS Wanderers,Melbourne Victory ,0,2
Australia,A1,24/11/12,Melbourne City,Newcastle Jets,3,3
Australia,A1,25/11/12,Central Coast Mariners,Brisbane Roar,2,1
Australia,A1,30/11/12,Melbourne Victory,Perth Glory,1,0
Australia,A1,01/12/12,Brisbane Roar ,Newcastle Jets ,1,0
Australia,A1,01/12/12,Central Coast Mariners,Adelaide United,2,1
Australia,A1,02/12/12,Sydney FC,Melbourne City,0,0
Australia,A1,02/12/12,Wellington Phoenix,WS Wanderers,1,0
Australia,A1,07/12/12,Adelaide United,Melbourne Victory,4,2
Australia,A1,08/12/12,Newcastle Jets,Central Coast Mariners,0,2
Australia,A1,08/12/12,Melbourne City,Perth Glory,1,0
Australia,A1,09/12/12,WS Wanderers,Brisbane Roar,1,0
Australia,A1,09/12/12,Wellington Phoenix,Sydney FC ,1,2
Australia,A1,14/12/12,Perth Glory,Newcastle Jets,3,0
Australia,A1,14/12/12,Central Coast Mariners,Melbourne City,2,0
Australia,A1,15/12/12,Sydney FC,WS Wanderers,0,2
Australia,A1,15/12/12,Melbourne Victory,Brisbane Roar,1,1
Australia,A1,16/12/12,Adelaide United,Wellington Phoenix,3,1
Australia,A1,21/12/12,Brisbane Roar,Perth Glory,0,1
Australia,A1,21/12/12,WS Wanderers,Adelaide United,6,1
Australia,A1,22/12/12,Melbourne City,Melbourne Victory,1,2
Australia,A1,22/12/12,Newcastle Jets,Sydney FC,2,1
Australia,A1,22/12/12,Wellington Phoenix,Central Coast Mariners,1,1
Australia,A1,26/12/12,Adelaide United,Brisbane Roar,0,1
Australia,A1,27/12/12,Perth Glory,WS Wanderers,1,1
Australia,A1,27/12/12,Sydney FC,Central Coast Mariners ,1,0
Australia,A1,27/12/12,Wellington Phoenix,Melbourne City,3,2
Australia,A1,28/12/12,Melbourne Victory,Newcastle Jets,3,2
Australia,A1,31/12/12,Adelaide United,Sydney FC,3,0
Australia,A1,31/12/12,Central Coast Mariners,Perth Glory ,1,0
Australia,A1,01/01/13,Brisbane Roar ,Wellington Phoenix ,2,1
Australia,A1,01/01/13,WS Wanderers,Melbourne Victory,2,1
Australia,A1,01/01/13,Melbourne City,Newcastle Jets,2,1
Australia,A1,05/01/13,Perth Glory,Sydney FC,2,2
Australia,A1,05/01/13,Melbourne Victory,Wellington Phoenix,2,0
Australia,A1,05/01/13,Newcastle Jets,Adelaide United,0,0
Australia,A1,06/01/13,WS Wanderers ,Central Coast Mariners,0,2
Australia,A1,06/01/13,Melbourne City ,Brisbane Roar,3,2
Australia,A1,11/01/13,Adelaide United,Perth Glory,3,2
Australia,A1,12/01/13,Newcastle Jets,Brisbane Roar,1,0
Australia,A1,12/01/13,Melbourne Victory,Central Coast Mariners,1,1
Australia,A1,13/01/13,Sydney FC,Melbourne City,2,1
Australia,A1,13/01/13,Wellington Phoenix,WS Wanderers,0,2
Australia,A1,18/01/13,Melbourne City,Adelaide United,2,0
Australia,A1,19/01/13,Perth Glory ,Melbourne Victory,0,1
Australia,A1,19/01/13,Central Coast Mariners,Newcastle Jets,0,0
Australia,A1,19/01/13,Sydney FC,Wellington Phoenix,7,1
Australia,A1,20/01/13,Brisbane Roar,WS Wanderers,1,2
Australia,A1,25/01/13,Central Coast Mariners,Adelaide United,3,1
Australia,A1,26/01/13,Perth Glory,Brisbane Roar,0,1
Australia,A1,26/01/13,WS Wanderers ,Melbourne City,1,0
Australia,A1,26/01/13,Melbourne Victory,Sydney FC ,3,1
Australia,A1,27/01/13,Wellington Phoenix ,Newcastle Jets ,1,1
Australia,A1,01/02/13,Brisbane Roar,Central Coast Mariners,2,2
Australia,A1,02/02/13,Melbourne Victory,Melbourne City,2,1
Australia,A1,02/02/13,Newcastle Jets,Sydney FC ,2,2
Australia,A1,02/02/13,Wellington Phoenix,Perth Glory,1,0
Australia,A1,03/02/13,Adelaide United,WS Wanderers,2,4
Australia,A1,07/02/13,Central Coast Mariners,Wellington Phoenix,5,0
Australia,A1,08/02/13,Adelaide United,Melbourne Victory ,1,0
Australia,A1,09/02/13,WS Wanderers,Newcastle Jets,2,1
Australia,A1,09/02/13,Melbourne City,Perth Glory,2,0
Australia,A1,10/02/13,Sydney FC,Brisbane Roar,2,1
Australia,A1,15/02/13,Newcastle Jets,Melbourne City,2,0
Australia,A1,16/02/13,Perth Glory,Central Coast Mariners,2,1
Australia,A1,16/02/13,Melbourne Victory,WS Wanderers,1,2
Australia,A1,16/02/13,Sydney FC,Adelaide United,2,1
Australia,A1,17/02/13,Brisbane Roar,Wellington Phoenix,2,0
Australia,A1,22/02/13,Newcastle Jets,Brisbane Roar,0,0
Australia,A1,23/02/13,Central Coast Mariners,Melbourne Victory,6,2
Australia,A1,23/02/13,WS Wanderers,Perth Glory,1,0
Australia,A1,24/02/13,Melbourne City,Sydney FC ,3,1
Australia,A1,24/02/13,Wellington Phoenix,Adelaide United ,2,2
Australia,A1,27/02/13,Wellington Phoenix,Newcastle Jets,1,2
Australia,A1,02/03/13,Perth Glory,Sydney FC ,2,1
Australia,A1,02/03/13,Central Coast Mariners,WS Wanderers,0,1
Australia,A1,02/03/13,Adelaide United ,Brisbane Roar,0,1
Australia,A1,03/03/13,Melbourne Victory,Newcastle Jets ,5,0
Australia,A1,03/03/13,Wellington Phoenix ,Melbourne City,1,0
Australia,A1,08/03/13,Newcastle Jets,Perth Glory,1,2
Australia,A1,09/03/13,Brisbane Roar,Melbourne Victory,1,1
Australia,A1,09/03/13,Sydney FC,Central Coast Mariners,2,0
Australia,A1,10/03/13,WS Wanderers,Wellington Phoenix,2,1
Australia,A1,11/03/13,Melbourne City,Adelaide United,0,2
Australia,A1,15/03/13,Adelaide United,Newcastle Jets,1,1
Australia,A1,16/03/13,Sydney FC,Melbourne Victory,1,1
Australia,A1,16/03/13,Melbourne City ,WS Wanderers,1,3
Australia,A1,17/03/13,Perth Glory,Wellington Phoenix,1,2
Australia,A1,17/03/13,Central Coast Mariners,Brisbane Roar,1,0
Australia,A1,23/03/13,WS Wanderers ,Sydney FC ,1,1
Australia,A1,23/03/13,Melbourne Victory,Perth Glory,2,3
Australia,A1,24/03/13,Adelaide United,Central Coast Mariners,0,2
Australia,A1,24/03/13,Brisbane Roar,Melbourne City,2,0
Australia,A1,28/03/13,Brisbane Roar,Sydney FC,3,1
Australia,A1,29/03/13,Newcastle Jets,WS Wanderers,0,3
Australia,A1,30/03/13,Perth Glory,Adelaide United,1,1
Australia,A1,30/03/13,Central Coast Mariners,Melbourne City ,2,1
Australia,A1,31/03/13,Wellington Phoenix,Melbourne Victory,2,3
Australia,A1,05/04/13,Melbourne Victory ,Perth Glory ,2,1
Australia,A1,07/04/13,Adelaide United,Brisbane Roar ,1,2
Australia,A1,12/04/13,WS Wanderers  ,Brisbane Roar,2,0
Australia,A1,14/04/13,Central Coast Mariners  ,Melbourne Victory,1,0
Australia,A1,21/04/13,WS Wanderers,Central Coast Mariners ,0,2
Australia,A1,11/10/13,Sydney FC,Newcastle Jets,2,0
Australia,A1,12/10/13,Melbourne Victory,Melbourne City,0,0
Australia,A1,12/10/13,Central Coast Mariners,WS Wanderers,1,1
Australia,A1,13/10/13,Adelaide United ,Perth Glory,3,1
Australia,A1,13/10/13,Wellington Phoenix,Brisbane Roar,1,2
Australia,A1,18/10/13,Adelaide United,Melbourne Victory,2,2
Australia,A1,19/10/13,Brisbane Roar,Sydney FC,4,0
Australia,A1,19/10/13,Melbourne City,Central Coast Mariners,2,2
Australia,A1,20/10/13,WS Wanderers,Wellington Phoenix,1,1
Australia,A1,20/10/13,Newcastle Jets,Perth Glory,0,0
Australia,A1,25/10/13,Melbourne Victory,Brisbane Roar,1,0
Australia,A1,26/10/13,Sydney FC,WS Wanderers,0,2
Australia,A1,26/10/13,Central Coast Mariners,Adelaide United,1,0
Australia,A1,27/10/13,Perth Glory,Melbourne City,1,0
Australia,A1,27/10/13,Wellington Phoenix,Newcastle Jets,0,0
Australia,A1,01/11/13,WS Wanderers,Adelaide United,2,1
Australia,A1,02/11/13,Newcastle Jets,Central Coast Mariners,2,2
Australia,A1,02/11/13,Perth Glory,Sydney FC,1,0
Australia,A1,03/11/13,Brisbane Roar,Melbourne City,3,0
Australia,A1,04/11/13,Melbourne Victory,Wellington Phoenix,3,2
Australia,A1,08/11/13,Melbourne City,WS Wanderers,0,1
Australia,A1,09/11/13,Sydney FC ,Melbourne Victory,3,2
Australia,A1,09/11/13,Adelaide United ,Newcastle Jets,1,2
Australia,A1,09/11/13,Wellington Phoenix,Perth Glory,1,1
Australia,A1,10/11/13,Central Coast Mariners,Brisbane Roar,0,1
Australia,A1,15/11/13,Melbourne City,Sydney FC,0,2
Australia,A1,16/11/13,WS Wanderers,Melbourne Victory,1,0
Australia,A1,16/11/13,Perth Glory,Adelaide United,1,1
Australia,A1,17/11/13,Newcastle Jets,Brisbane Roar,2,1
Australia,A1,22/11/13,Brisbane Roar,WS Wanderers,3,1
Australia,A1,23/11/13,Perth Glory,Central Coast Mariners,1,2
Australia,A1,23/11/13,Melbourne Victory ,Adelaide United,3,0
Australia,A1,23/11/13,Sydney FC ,Wellington Phoenix,2,1
Australia,A1,24/11/13,Newcastle Jets,Melbourne City,3,1
Australia,A1,29/11/13,Central Coast Mariners,Melbourne Victory,0,0
Australia,A1,30/11/13,Sydney FC,Newcastle Jets,2,0
Australia,A1,30/11/13,Brisbane Roar,Perth Glory,1,0
Australia,A1,01/12/13,Melbourne City,Adelaide United,3,3
Australia,A1,01/12/13,Wellington Phoenix,WS Wanderers,0,0
Australia,A1,06/12/13,Perth Glory,Wellington Phoenix,4,2
Australia,A1,06/12/13,Adelaide United,Brisbane Roar,1,2
Australia,A1,07/12/13,Central Coast Mariners,Sydney FC,1,0
Australia,A1,07/12/13,WS Wanderers,Melbourne City,1,1
Australia,A1,08/12/13,Melbourne Victory,Newcastle Jets,1,2
Australia,A1,13/12/13,Melbourne Victory,Perth Glory,2,0
Australia,A1,14/12/13,Newcastle Jets,WS Wanderers,0,1
Australia,A1,14/12/13,Adelaide United,Central Coast Mariners,4,0
Australia,A1,14/12/13,Wellington Phoenix,Brisbane Roar,1,2
Australia,A1,15/12/13,Sydney FC,Melbourne City,2,1
Australia,A1,19/12/13,Central Coast Mariners,Wellington Phoenix,1,0
Australia,A1,20/12/13,Brisbane Roar,Newcastle Jets,0,2
Australia,A1,21/12/13,Melbourne City ,Melbourne Victory,1,3
Australia,A1,22/12/13,Perth Glory,Adelaide United,0,0
Australia,A1,22/12/13,Wellington Phoenix,Sydney FC,1,0
Australia,A1,23/12/13,WS Wanderers,Central Coast Mariners,2,0
Australia,A1,26/12/13,Sydney FC,Brisbane Roar,2,5
Australia,A1,27/12/13,Melbourne City,Wellington Phoenix,0,1
Australia,A1,28/12/13,Melbourne Victory,WS Wanderers,1,1
Australia,A1,29/12/13,Adelaide United,Newcastle Jets,1,0
Australia,A1,31/12/13,Central Coast Mariners,Perth Glory ,2,1
Australia,A1,01/01/14,WS Wanderers,Wellington Phoenix,1,3
Australia,A1,03/01/14,Adelaide United,Sydney FC ,2,2
Australia,A1,04/01/14,Melbourne Victory ,Brisbane Roar,0,3
Australia,A1,04/01/14,Newcastle Jets,Perth Glory,0,1
Australia,A1,05/01/14,Central Coast Mariners,Melbourne City,0,0
Australia,A1,10/01/14,Perth Glory,Melbourne City ,3,0
Australia,A1,10/01/14,Newcastle Jets,Melbourne Victory,1,1
Australia,A1,11/01/14,WS Wanderers,Sydney FC,1,0
Australia,A1,11/01/14,Brisbane Roar ,Adelaide United,1,2
Australia,A1,12/01/14,Wellington Phoenix,Central Coast Mariners,1,1
Australia,A1,14/01/14,Melbourne Victory,WS Wanderers,3,1
Australia,A1,17/01/14,Perth Glory,Brisbane Roar ,0,0
Australia,A1,17/01/14,Melbourne City,Newcastle Jets,3,1
Australia,A1,18/01/14,Sydney FC,Central Coast Mariners,0,1
Australia,A1,18/01/14,Wellington Phoenix,Melbourne Victory,5,0
Australia,A1,19/01/14,Adelaide United,WS Wanderers,1,0
Australia,A1,24/01/14,Brisbane Roar,Wellington Phoenix,2,1
Australia,A1,25/01/14,Central Coast Mariners,Newcastle Jets,3,0
Australia,A1,25/01/14,Adelaide United,Melbourne City,2,2
Australia,A1,26/01/14,WS Wanderers,Perth Glory,3,1
Australia,A1,26/01/14,Melbourne Victory,Sydney FC,0,5
Australia,A1,31/01/14,Perth Glory,Melbourne Victory,1,1
Australia,A1,31/01/14,Melbourne City ,Sydney FC,2,1
Australia,A1,01/02/14,Newcastle Jets ,WS Wanderers,2,2
Australia,A1,01/02/14,Wellington Phoenix,Adelaide United,2,1
Australia,A1,02/02/14,Brisbane Roar,Central Coast Mariners,2,1
Australia,A1,07/02/14,WS Wanderers,Brisbane Roar,1,1
Australia,A1,08/02/14,Sydney FC,Adelaide United,0,3
Australia,A1,08/02/14,Central Coast Mariners,Melbourne Victory,1,3
Australia,A1,09/02/14,Melbourne City,Perth Glory,2,1
Australia,A1,09/02/14,Newcastle Jets,Wellington Phoenix,2,3
Australia,A1,14/02/14,Adelaide United,Central Coast Mariners,2,0
Australia,A1,15/02/14,Sydney FC ,Perth Glory,2,1
Australia,A1,16/02/14,Brisbane Roar,Newcastle Jets,0,1
Australia,A1,16/02/14,Wellington Phoenix,Melbourne City,0,5
Australia,A1,21/02/14,Central Coast Mariners,Wellington Phoenix,1,4
Australia,A1,22/02/14,Perth Glory,WS Wanderers,0,2
Australia,A1,22/02/14,Melbourne Victory,Adelaide United,4,3
Australia,A1,22/02/14,Newcastle Jets,Sydney FC,0,2
Australia,A1,23/02/14,Melbourne City,Brisbane Roar,1,0
Australia,A1,27/02/14,Adelaide United,Wellington Phoenix ,5,1
Australia,A1,28/02/14,Brisbane Roar,Perth Glory,3,1
Australia,A1,01/03/14,Melbourne City,Melbourne Victory ,4,0
Australia,A1,01/03/14,Central Coast Mariners,Sydney FC,2,1
Australia,A1,02/03/14,WS Wanderers,Newcastle Jets,0,2
Australia,A1,07/03/14,Melbourne Victory,Central Coast Mariners,3,1
Australia,A1,08/03/14,Sydney FC,WS Wanderers,3,1
Australia,A1,08/03/14,Newcastle Jets,Melbourne City,1,0
Australia,A1,09/03/14,Brisbane Roar,Adelaide United,2,1
Australia,A1,09/03/14,Wellington Phoenix,Perth Glory,1,1
Australia,A1,14/03/14,Sydney FC,Brisbane Roar ,1,1
Australia,A1,15/03/14,Perth Glory,Melbourne Victory,1,2
Australia,A1,15/03/14,Central Coast Mariners,Newcastle Jets,3,1
Australia,A1,15/03/14,WS Wanderers,Adelaide United,0,0
Australia,A1,16/03/14,Melbourne City,Wellington Phoenix ,2,2
Australia,A1,21/03/14,Adelaide United,Sydney FC,3,1
Australia,A1,22/03/14,Brisbane Roar,Melbourne Victory,1,0
Australia,A1,22/03/14,Newcastle Jets,Wellington Phoenix,5,0
Australia,A1,23/03/14,WS Wanderers,Perth Glory,3,0
Australia,A1,23/03/14,Melbourne City,Central Coast Mariners,1,2
Australia,A1,28/03/14,Brisbane Roar ,Melbourne City,2,1
Australia,A1,29/03/14,Melbourne Victory,Sydney FC,1,1
Australia,A1,29/03/14,Central Coast Mariners,WS Wanderers,2,1
Australia,A1,30/03/14,Perth Glory,Newcastle Jets,2,1
Australia,A1,30/03/14,Wellington Phoenix,Adelaide United,0,1
Australia,A1,04/04/14,Adelaide United ,Melbourne City,2,2
Australia,A1,05/04/14,Perth Glory,Central Coast Mariners,3,1
Australia,A1,05/04/14,WS Wanderers,Brisbane Roar,1,1
Australia,A1,05/04/14,Newcastle Jets,Melbourne Victory,2,2
Australia,A1,06/04/14,Sydney FC,Wellington Phoenix,4,1
Australia,A1,11/04/14,Newcastle Jets,Adelaide United,2,0
Australia,A1,12/04/14,Brisbane Roar,Central Coast Mariners,0,2
Australia,A1,12/04/14,Melbourne City,WS Wanderers,2,3
Australia,A1,12/04/14,Wellington Phoenix ,Melbourne Victory,1,4
Australia,A1,13/04/14,Sydney FC,Perth Glory,2,1
Australia,A1,18/04/14,Melbourne Victory ,Sydney FC,2,1
Australia,A1,19/04/14,Central Coast Mariners ,Adelaide United,1,0
Australia,A1,26/04/14,WS Wanderers ,Central Coast Mariners,2,0
Australia,A1,27/04/14,Brisbane Roar ,Melbourne Victory,1,0
Australia,A1,04/05/14,Brisbane Roar ,WS Wanderers,2,1
Australia,A1,10/10/14,Melbourne Victory,WS Wanderers,4,1
Australia,A1,11/10/14,Sydney FC,Melbourne City,1,1
Australia,A1,11/10/14,Central Coast Mariners,Newcastle Jets,1,0
Australia,A1,12/10/14,Brisbane Roar ,Adelaide United,1,2
Australia,A1,12/10/14,Wellington Phoenix,Perth Glory,1,2
Australia,A1,17/10/14,Adelaide United,Melbourne Victory,1,1
Australia,A1,18/10/14,Sydney FC,WS Wanderers ,3,2
Australia,A1,18/10/14,Central Coast Mariners,Wellington Phoenix,1,2
Australia,A1,19/10/14,Perth Glory,Brisbane Roar,3,2
Australia,A1,19/10/14,Melbourne City,Newcastle Jets,1,1
Australia,A1,24/10/14,Brisbane Roar,Sydney FC,0,2
Australia,A1,25/10/14,Melbourne Victory,Melbourne City,5,2
Australia,A1,26/10/14,Adelaide United,Perth Glory,2,0
Australia,A1,26/10/14,Wellington Phoenix,Newcastle Jets,4,1
Australia,A1,31/10/14,Melbourne City,Adelaide United,1,2
Australia,A1,01/11/14,Perth Glory,Newcastle Jets,2,1
Australia,A1,02/11/14,Sydney FC,Central Coast Mariners,2,0
Australia,A1,03/11/14,Melbourne Victory,Wellington Phoenix,2,0
Australia,A1,07/11/14,Adelaide United,Sydney FC,0,0
Australia,A1,07/11/14,Wellington Phoenix,WS Wanderers,1,0
Australia,A1,08/11/14,Brisbane Roar,Melbourne City,1,3
Australia,A1,08/11/14,Newcastle Jets,Melbourne Victory,2,2
Australia,A1,09/11/14,Central Coast Mariners,Perth Glory,0,1
Australia,A1,14/11/14,Newcastle Jets,Brisbane Roar,0,4
Australia,A1,15/11/14,Perth Glory,WS Wanderers,2,1
Australia,A1,15/11/14,Sydney FC,Melbourne Victory,0,0
Australia,A1,15/11/14,Adelaide United,Wellington Phoenix,2,1
Australia,A1,16/11/14,Melbourne City,Central Coast Mariners,2,2
Australia,A1,19/11/14,WS Wanderers,Central Coast Mariners,0,0
Australia,A1,21/11/14,Perth Glory ,Wellington Phoenix,2,1
Australia,A1,21/11/14,Melbourne Victory,Brisbane Roar,1,0
Australia,A1,22/11/14,Melbourne City,Sydney FC ,1,2
Australia,A1,22/11/14,WS Wanderers,Newcastle Jets,1,1
Australia,A1,23/11/14,Central Coast Mariners ,Adelaide United,0,2
Australia,A1,28/11/14,Melbourne Victory,Adelaide United,3,2
Australia,A1,29/11/14,WS Wanderers,Sydney FC,1,1
Australia,A1,29/11/14,Brisbane Roar,Perth Glory,1,1
Australia,A1,30/11/14,Newcastle Jets,Central Coast Mariners,1,1
Australia,A1,30/11/14,Wellington Phoenix,Melbourne City,5,1
Australia,A1,03/12/14,WS Wanderers,Brisbane Roar,0,1
Australia,A1,04/12/14,Sydney FC,Perth Glory,1,2
Australia,A1,05/12/14,Central Coast Mariners,Melbourne Victory,0,3
Australia,A1,06/12/14,Adelaide United,WS Wanderers ,2,0
Australia,A1,06/12/14,Newcastle Jets,Wellington Phoenix,1,3
Australia,A1,07/12/14,Melbourne City,Brisbane Roar,1,0
Australia,A1,12/12/14,Perth Glory,Newcastle Jets ,2,0
Australia,A1,12/12/14,Adelaide United,Brisbane Roar,0,1
Australia,A1,13/12/14,Melbourne Victory,Sydney FC,3,3
Australia,A1,13/12/14,Wellington Phoenix,Central Coast Mariners,1,1
Australia,A1,19/12/14,Newcastle Jets,Adelaide United,2,1
Australia,A1,20/12/14,Perth Glory,Central Coast Mariners,4,1
Australia,A1,20/12/14,Melbourne City,Melbourne Victory,1,0
Australia,A1,21/12/14,Sydney FC,Wellington Phoenix,0,2
Australia,A1,26/12/14,Sydney FC,Adelaide United,0,3
Australia,A1,26/12/14,Melbourne City,Perth Glory,1,1
Australia,A1,27/12/14,Melbourne Victory,Newcastle Jets,1,0
Australia,A1,27/12/14,Central Coast Mariners,Brisbane Roar,3,3
Australia,A1,28/12/14,Wellington Phoenix,WS Wanderers,1,0
Australia,A1,30/12/14,Brisbane Roar,Sydney FC,0,0
Australia,A1,30/12/14,Newcastle Jets,Melbourne City,2,5
Australia,A1,31/12/14,Adelaide United,Wellington Phoenix,1,3
Australia,A1,01/01/15,WS Wanderers,Central Coast Mariners,0,0
Australia,A1,02/01/15,Melbourne Victory,Perth Glory,1,2
Australia,A1,03/01/15,Sydney FC,Newcastle Jets,0,0
Australia,A1,04/01/15,Central Coast Mariners,Melbourne City ,2,0
Australia,A1,04/01/15,Wellington Phoenix,Brisbane Roar,3,0
Australia,A1,05/01/15,Perth Glory,Adelaide United,1,2
Australia,A1,06/01/15,WS Wanderers,Melbourne Victory,1,2
Australia,A1,24/01/15,Central Coast Mariners,Sydney FC,1,5
Australia,A1,24/01/15,Adelaide United,Newcastle Jets,7,0
Australia,A1,25/01/15,Perth Glory,Melbourne Victory,3,3
Australia,A1,01/02/15,Melbourne City,WS Wanderers,2,1
Australia,A1,02/02/15,Brisbane Roar,Wellington Phoenix,3,2
Australia,A1,06/02/15,Newcastle Jets,Brisbane Roar,1,2
Australia,A1,07/02/15,Perth Glory ,Sydney FC ,1,3
Australia,A1,07/02/15,Melbourne Victory,Melbourne City,3,0
Australia,A1,07/02/15,Central Coast Mariners,Adelaide United,2,1
Australia,A1,08/02/15,WS Wanderers,Wellington Phoenix,2,0
Australia,A1,13/02/15,Central Coast Mariners,Brisbane Roar,0,2
Australia,A1,14/02/15,Sydney FC,Melbourne Victory,3,3
Australia,A1,14/02/15,Newcastle Jets,WS Wanderers,1,1
Australia,A1,14/02/15,Wellington Phoenix,Melbourne City,0,0
Australia,A1,15/02/15,Adelaide United,Perth Glory,1,1
Australia,A1,21/02/15,Adelaide United,WS Wanderers ,2,1
Australia,A1,21/02/15,Sydney FC,Central Coast Mariners,4,2
Australia,A1,22/02/15,Melbourne City,Perth Glory,0,0
Australia,A1,22/02/15,Wellington Phoenix,Newcastle Jets ,2,2
Australia,A1,27/02/15,Melbourne City,Adelaide United,3,1
Australia,A1,28/02/15,Perth Glory,Brisbane Roar ,2,2
Australia,A1,28/02/15,WS Wanderers,Sydney FC ,3,4
Australia,A1,28/02/15,Newcastle Jets,Central Coast Mariners,0,0
Australia,A1,01/03/15,Melbourne Victory,Wellington Phoenix,2,3
Australia,A1,06/03/15,Newcastle Jets,Sydney FC,0,1
Australia,A1,07/03/15,Melbourne Victory,Perth Glory ,1,1
Australia,A1,07/03/15,Wellington Phoenix,Adelaide United,2,0
Australia,A1,08/03/15,Brisbane Roar,WS Wanderers,1,0
Australia,A1,08/03/15,Central Coast Mariners,Melbourne City,1,0
Australia,A1,11/03/15,WS Wanderers,Melbourne City ,3,2
Australia,A1,12/03/15,Adelaide United,Central Coast Mariners,2,1
Australia,A1,13/03/15,WS Wanderers,Melbourne Victory,0,3
Australia,A1,14/03/15,Perth Glory,Wellington Phoenix,1,2
Australia,A1,14/03/15,Melbourne City,Newcastle Jets,4,0
Australia,A1,15/03/15,Sydney FC,Brisbane Roar,5,4
Australia,A1,20/03/15,Sydney FC,Melbourne City,0,1
Australia,A1,21/03/15,Adelaide United,Melbourne Victory,2,2
Australia,A1,21/03/15,WS Wanderers,Newcastle Jets,1,2
Australia,A1,22/03/15,Brisbane Roar,Wellington Phoenix,1,2
Australia,A1,22/03/15,Central Coast Mariners,Perth Glory,1,1
Australia,A1,25/03/15,Brisbane Roar,WS Wanderers,1,4
Australia,A1,27/03/15,Melbourne Victory,Central Coast Mariners,2,1
Australia,A1,28/03/15,Perth Glory,WS Wanderers,3,2
Australia,A1,28/03/15,Melbourne City,Brisbane Roar,1,0
Australia,A1,29/03/15,Newcastle Jets,Adelaide United,0,1
Australia,A1,29/03/15,Wellington Phoenix ,Sydney FC ,0,3
Australia,A1,02/04/15,Brisbane Roar,Central Coast Mariners,6,1
Australia,A1,03/04/15,WS Wanderers,Melbourne City,1,1
Australia,A1,04/04/15,Sydney FC,Adelaide United,0,1
Australia,A1,05/04/15,Wellington Phoenix,Melbourne Victory,0,3
Australia,A1,06/04/15,Newcastle Jets,Perth Glory,0,2
Australia,A1,10/04/15,Perth Glory,Sydney FC,0,3
Australia,A1,10/04/15,Melbourne Victory,Newcastle Jets,0,1
Australia,A1,11/04/15,Central Coast Mariners,WS Wanderers,1,0
Australia,A1,11/04/15,Adelaide United,Brisbane Roar ,2,3
Australia,A1,12/04/15,Melbourne City,Wellington Phoenix,0,0
Australia,A1,15/04/15,Brisbane Roar,Melbourne Victory,1,2
Australia,A1,17/04/15,Newcastle Jets,Sydney FC,3,4
Australia,A1,17/04/15,Wellington Phoenix,Central Coast Mariners,3,2
Australia,A1,18/04/15,Brisbane Roar,Melbourne Victory,0,1
Australia,A1,18/04/15,WS Wanderers,Adelaide United ,2,1
Australia,A1,19/04/15,Perth Glory,Melbourne City ,3,1
Australia,A1,24/04/15,Brisbane Roar,Newcastle Jets,2,1
Australia,A1,25/04/15,Adelaide United ,Melbourne City ,4,1
Australia,A1,25/04/15,WS Wanderers,Perth Glory ,1,2
Australia,A1,26/04/15,Melbourne Victory,Central Coast Mariners,3,1
Australia,A1,26/04/15,Wellington Phoenix,Sydney FC,1,2
Australia,A1,01/05/15,Adelaide United ,Brisbane Roar,2,1
Australia,A1,03/05/15,Wellington Phoenix,Melbourne City ,0,2
Australia,A1,08/05/15,Melbourne Victory ,Melbourne City,3,0
Australia,A1,09/05/15,Sydney FC ,Adelaide United,4,1
Australia,A1,17/05/15,Melbourne Victory  ,Sydney FC,3,0
Australia,A1,08/10/15,WS Wanderers,Brisbane Roar,1,3
Australia,A1,09/10/15,Adelaide United,Melbourne Victory ,0,0
Australia,A1,10/10/15,Sydney FC,Melbourne City,1,1
Australia,A1,10/10/15,Central Coast Mariners,Perth Glory,3,2
Australia,A1,11/10/15,Wellington Phoenix,Newcastle Jets ,1,2
Australia,A1,16/10/15,Adelaide United,WS Wanderers,1,1
Australia,A1,17/10/15,Melbourne Victory,Melbourne City,3,2
Australia,A1,17/10/15,Newcastle Jets,Sydney FC,0,1
Australia,A1,18/10/15,Perth Glory ,Wellington Phoenix,1,2
Australia,A1,18/10/15,Brisbane Roar,Central Coast Mariners,2,1
Australia,A1,23/10/15,Newcastle Jets,Melbourne Victory,1,0
Australia,A1,24/10/15,Sydney FC,WS Wanderers,1,0
Australia,A1,24/10/15,Wellington Phoenix,Brisbane Roar,3,2
Australia,A1,25/10/15,Perth Glory,Adelaide United,3,1
Australia,A1,25/10/15,Melbourne City,Central Coast Mariners,3,1
Australia,A1,30/10/15,Melbourne City,Newcastle Jets,2,3
Australia,A1,31/10/15,Brisbane Roar,Adelaide United,3,0
Australia,A1,31/10/15,Central Coast Mariners ,Sydney FC,1,3
Australia,A1,01/11/15,WS Wanderers,Perth Glory,1,0
Australia,A1,02/11/15,Melbourne Victory,Wellington Phoenix,3,0
Australia,A1,05/11/15,Adelaide United,Melbourne City,2,4
Australia,A1,06/11/15,Sydney FC,Brisbane Roar,0,0
Australia,A1,07/11/15,Newcastle Jets,WS Wanderers,1,2
Australia,A1,08/11/15,Central Coast Mariners,Wellington Phoenix,1,1
Australia,A1,13/11/15,Melbourne City,WS Wanderers,0,3
Australia,A1,13/11/15,Wellington Phoenix,Adelaide United,4,2
Australia,A1,14/11/15,Sydney FC,Melbourne Victory,2,4
Australia,A1,14/11/15,Newcastle Jets,Central Coast Mariners ,1,1
Australia,A1,15/11/15,Brisbane Roar,Perth Glory,1,0
Australia,A1,19/11/15,Melbourne Victory,Central Coast Mariners,2,1
Australia,A1,20/11/15,Brisbane Roar,Melbourne City,1,1
Australia,A1,21/11/15,Perth Glory,Sydney FC,0,0
Australia,A1,21/11/15,WS Wanderers,Wellington Phoenix,2,1
Australia,A1,22/11/15,Adelaide United,Newcastle Jets,0,0
Australia,A1,26/11/15,Sydney FC,Wellington Phoenix,0,0
Australia,A1,27/11/15,Melbourne City,Perth Glory ,5,1
Australia,A1,28/11/15,Melbourne Victory,Adelaide United,2,1
Australia,A1,28/11/15,Newcastle Jets,Brisbane Roar,1,1
Australia,A1,29/11/15,Central Coast Mariners,WS Wanderers,0,2
Australia,A1,03/12/15,Central Coast Mariners,Melbourne City,1,5
Australia,A1,04/12/15,Sydney FC,Newcastle Jets,1,0
Australia,A1,05/12/15,WS Wanderers,Brisbane Roar,2,1
Australia,A1,05/12/15,Wellington Phoenix,Melbourne Victory,2,0
Australia,A1,06/12/15,Adelaide United,Perth Glory,1,0
Australia,A1,11/12/15,Adelaide United,Sydney FC ,2,1
Australia,A1,12/12/15,Perth Glory,Central Coast Mariners,2,1
Australia,A1,12/12/15,WS Wanderers,Melbourne Victory,2,0
Australia,A1,12/12/15,Brisbane Roar,Wellington Phoenix,2,1
Australia,A1,13/12/15,Newcastle Jets,Melbourne City,0,4
Australia,A1,16/12/15,Perth Glory,Melbourne Victory,1,0
Australia,A1,18/12/15,Newcastle Jets,Adelaide United,0,0
Australia,A1,19/12/15,Perth Glory,WS Wanderers,2,2
Australia,A1,19/12/15,Melbourne City,Melbourne Victory,2,1
Australia,A1,19/12/15,Wellington Phoenix,Sydney FC,1,1
Australia,A1,20/12/15,Central Coast Mariners,Brisbane Roar,0,1
Australia,A1,24/12/15,WS Wanderers,Newcastle Jets,2,0
Australia,A1,26/12/15,Sydney FC,Central Coast Mariners ,4,1
Australia,A1,26/12/15,Adelaide United,Wellington Phoenix ,3,0
Australia,A1,27/12/15,Brisbane Roar,Melbourne City,3,1
Australia,A1,27/12/15,Melbourne Victory,Perth Glory,1,1
Australia,A1,31/12/15,Central Coast Mariners,Wellington Phoenix,3,1
Australia,A1,01/01/16,WS Wanderers,Adelaide United,0,0
Australia,A1,02/01/16,Melbourne City,Sydney FC,2,2
Australia,A1,02/01/16,Brisbane Roar,Perth Glory,2,1
Australia,A1,03/01/16,Newcastle Jets,Melbourne Victory,0,1
Australia,A1,08/01/16,Central Coast Mariners,Melbourne Victory,3,3
Australia,A1,09/01/16,Perth Glory ,Adelaide United,1,3
Australia,A1,09/01/16,Melbourne City,WS Wanderers,3,2
Australia,A1,09/01/16,Sydney FC,Newcastle Jets,2,0
Australia,A1,10/01/16,Wellington Phoenix,Brisbane Roar,0,0
Australia,A1,15/01/16,Melbourne Victory,Brisbane Roar,4,0
Australia,A1,16/01/16,Perth Glory ,Melbourne City,2,2
Australia,A1,16/01/16,WS Wanderers,Sydney FC,1,2
Australia,A1,16/01/16,Adelaide United,Central Coast Mariners,3,1
Australia,A1,17/01/16,Newcastle Jets ,Wellington Phoenix,3,1
Australia,A1,22/01/16,Brisbane Roar,Adelaide United,1,4
Australia,A1,23/01/16,Central Coast Mariners ,WS Wanderers,1,2
Australia,A1,24/01/16,Newcastle Jets ,Perth Glory,1,6
Australia,A1,25/01/16,Melbourne City,Wellington Phoenix,3,1
Australia,A1,26/01/16,Melbourne Victory,Sydney FC,1,0
Australia,A1,29/01/16,WS Wanderers,Melbourne City ,4,3
Australia,A1,30/01/16,Perth Glory,Melbourne Victory ,3,2
Australia,A1,30/01/16,Sydney FC,Brisbane Roar,1,3
Australia,A1,30/01/16,Wellington Phoenix,Central Coast Mariners,1,3
Australia,A1,31/01/16,Adelaide United,Newcastle Jets,1,0
Australia,A1,05/02/16,Adelaide United,Sydney FC,2,2
Australia,A1,06/02/16,Melbourne Victory,WS Wanderers ,1,1
Australia,A1,06/02/16,Brisbane Roar,Central Coast Mariners ,4,0
Australia,A1,07/02/16,Newcastle Jets,Melbourne City ,2,1
Australia,A1,07/02/16,Wellington Phoenix,Perth Glory,0,1
Australia,A1,12/02/16,Brisbane Roar,Newcastle Jets,2,2
Australia,A1,13/02/16,Melbourne City ,Melbourne Victory,2,2
Australia,A1,13/02/16,Sydney FC,Perth Glory,1,2
Australia,A1,14/02/16,Central Coast Mariners,Adelaide United,2,3
Australia,A1,14/02/16,WS Wanderers ,Wellington Phoenix,2,5
Australia,A1,19/02/16,Melbourne Victory,Adelaide United,0,1
Australia,A1,20/02/16,Perth Glory,Brisbane Roar,6,3
Australia,A1,20/02/16,Sydney FC,WS Wanderers,1,1
Australia,A1,20/02/16,Newcastle Jets,Wellington Phoenix ,3,2
Australia,A1,21/02/16,Melbourne City,Central Coast Mariners ,4,1
Australia,A1,26/02/16,WS Wanderers,Perth Glory,2,1
Australia,A1,26/02/16,Wellington Phoenix,Melbourne City,2,1
Australia,A1,27/02/16,Melbourne Victory,Sydney FC ,1,1
Australia,A1,27/02/16,Adelaide United,Brisbane Roar,3,0
Australia,A1,28/02/16,Central Coast Mariners,Newcastle Jets,0,1
Australia,A1,04/03/16,Brisbane Roar,WS Wanderers,3,2
Australia,A1,05/03/16,Melbourne City,Sydney FC,3,0
Australia,A1,05/03/16,Wellington Phoenix,Adelaide United,0,4
Australia,A1,06/03/16,Central Coast Mariners ,Melbourne Victory,0,2
Australia,A1,07/03/16,Perth Glory,Newcastle Jets ,2,0
Australia,A1,11/03/16,Adelaide United,Melbourne City,0,1
Australia,A1,12/03/16,Perth Glory,Central Coast Mariners ,4,0
Australia,A1,12/03/16,Brisbane Roar,Melbourne Victory,5,0
Australia,A1,12/03/16,Sydney FC,Wellington Phoenix,1,3
Australia,A1,13/03/16,Newcastle Jets,WS Wanderers,0,1
Australia,A1,18/03/16,Melbourne City,Brisbane Roar ,3,1
Australia,A1,19/03/16,WS Wanderers,Adelaide United,0,0
Australia,A1,19/03/16,Central Coast Mariners,Sydney FC,2,2
Australia,A1,20/03/16,Melbourne Victory,Newcastle Jets ,1,1
Australia,A1,20/03/16,Wellington Phoenix,Perth Glory,1,2
Australia,A1,25/03/16,Melbourne Victory,WS Wanderers,2,0
Australia,A1,26/03/16,Brisbane Roar,Sydney FC,3,2
Australia,A1,26/03/16,Newcastle Jets ,Perth Glory ,1,2
Australia,A1,27/03/16,Adelaide United,Central Coast Mariners,4,2
Australia,A1,28/03/16,Melbourne City,Wellington Phoenix,3,0
Australia,A1,01/04/16,WS Wanderers,Central Coast Mariners,4,1
Australia,A1,02/04/16,Sydney FC,Adelaide United,0,2
Australia,A1,02/04/16,Wellington Phoenix ,Melbourne Victory ,1,4
Australia,A1,03/04/16,Perth Glory,Melbourne City,3,2
Australia,A1,03/04/16,Brisbane Roar,Newcastle Jets ,2,1
Australia,A1,08/04/16,Melbourne City,Adelaide United,0,2
Australia,A1,09/04/16,Melbourne Victory,Brisbane Roar,0,0
Australia,A1,09/04/16,Central Coast Mariners,Newcastle Jets,2,4
Australia,A1,10/04/16,Sydney FC ,Perth Glory,4,0
Australia,A1,10/04/16,Wellington Phoenix,WS Wanderers,0,2
Australia,A1,15/04/16,Brisbane Roar ,Melbourne Victory ,2,1
Australia,A1,17/04/16,Melbourne City ,Perth Glory,2,0
Australia,A1,22/04/16,Adelaide United ,Melbourne City,4,1
Australia,A1,24/04/16,WS Wanderers ,Brisbane Roar,5,4
Australia,A1,01/05/16,Adelaide United ,WS Wanderers,3,1
Australia,A1,07/10/16,Brisbane Roar ,Melbourne Victory,1,1
Australia,A1,08/10/16,Perth Glory,Central Coast Mariners,3,3
Australia,A1,08/10/16,WS Wanderers ,Sydney FC,0,4
Australia,A1,08/10/16,Wellington Phoenix,Melbourne City ,0,1
Australia,A1,09/10/16,Newcastle Jets,Adelaide United,1,1
Australia,A1,14/10/16,Adelaide United,WS Wanderers,1,2
Australia,A1,15/10/16,Melbourne Victory,Melbourne City,1,4
Australia,A1,15/10/16,Sydney FC,Central Coast Mariners,4,0
Australia,A1,16/10/16,Perth Glory,Wellington Phoenix,2,0
Australia,A1,16/10/16,Newcastle Jets,Brisbane Roar,4,0
Australia,A1,21/10/16,Melbourne City,Perth Glory,2,3
Australia,A1,22/10/16,Adelaide United,Melbourne Victory,1,2
Australia,A1,22/10/16,Central Coast Mariners,Brisbane Roar,0,1
Australia,A1,23/10/16,WS Wanderers,Newcastle Jets,2,2
Australia,A1,23/10/16,Wellington Phoenix,Sydney FC,0,1
Australia,A1,28/10/16,Melbourne City,Adelaide United,2,1
Australia,A1,29/10/16,WS Wanderers,Central Coast Mariners,1,1
Australia,A1,29/10/16,Newcastle Jets,Sydney FC,0,2
Australia,A1,30/10/16,Brisbane Roar,Perth Glory,2,1
Australia,A1,31/10/16,Melbourne Victory,Wellington Phoenix ,6,1
Australia,A1,04/11/16,Brisbane Roar,Melbourne City,1,0
Australia,A1,05/11/16,Sydney FC,Melbourne Victory,2,1
Australia,A1,05/11/16,Wellington Phoenix,Newcastle Jets,2,0
Australia,A1,06/11/16,Perth Glory,WS Wanderers,2,2
Australia,A1,06/11/16,Adelaide United,Central Coast Mariners,1,2
Australia,A1,10/11/16,Melbourne City,Newcastle Jets,2,1
Australia,A1,11/11/16,Adelaide United,Brisbane Roar,1,1
Australia,A1,12/11/16,Melbourne Victory,WS Wanderers,3,0
Australia,A1,12/11/16,Central Coast Mariners,Wellington Phoenix,0,2
Australia,A1,13/11/16,Sydney FC,Perth Glory,4,1
Australia,A1,18/11/16,Perth Glory,Adelaide United ,3,1
Australia,A1,18/11/16,WS Wanderers,Melbourne City,1,1
Australia,A1,19/11/16,Brisbane Roar,Sydney FC,1,1
Australia,A1,20/11/16,Newcastle Jets,Central Coast Mariners ,1,1
Australia,A1,24/11/16,Central Coast Mariners,Perth Glory,2,0
Australia,A1,25/11/16,WS Wanderers,Brisbane Roar,1,1
Australia,A1,26/11/16,Sydney FC,Adelaide United,0,0
Australia,A1,26/11/16,Melbourne Victory,Newcastle Jets,2,0
Australia,A1,27/11/16,Melbourne City,Wellington Phoenix,2,1
Australia,A1,02/12/16,Melbourne Victory,Perth Glory,1,1
Australia,A1,03/12/16,Melbourne City,Brisbane Roar,1,1
Australia,A1,03/12/16,Central Coast Mariners,WS Wanderers ,1,4
Australia,A1,04/12/16,Adelaide United,Wellington Phoenix,2,0
Australia,A1,04/12/16,Newcastle Jets,Sydney FC,0,2
Australia,A1,09/12/16,Sydney FC ,Melbourne City,1,1
Australia,A1,10/12/16,Perth Glory,Newcastle Jets,1,2
Australia,A1,10/12/16,WS Wanderers,Melbourne Victory,0,3
Australia,A1,10/12/16,Wellington Phoenix,Central Coast Mariners,3,0
Australia,A1,11/12/16,Brisbane Roar,Adelaide United,4,0
Australia,A1,16/12/16,Newcastle Jets,Adelaide United,2,1
Australia,A1,17/12/16,Perth Glory,Sydney FC,1,4
Australia,A1,17/12/16,Melbourne City,Melbourne Victory,1,2
Australia,A1,17/12/16,Wellington Phoenix,WS Wanderers,2,2
Australia,A1,18/12/16,Central Coast Mariners,Brisbane Roar,1,2
Australia,A1,23/12/16,Brisbane Roar,WS Wanderers ,1,1
Australia,A1,26/12/16,Adelaide United,Sydney FC,0,4
Australia,A1,26/12/16,Newcastle Jets,Wellington Phoenix,2,2
Australia,A1,27/12/16,Melbourne City ,Perth Glory ,3,3
Australia,A1,28/12/16,Melbourne Victory,Central Coast Mariners,4,1
Australia,A1,30/12/16,Sydney FC ,Brisbane Roar,2,0
Australia,A1,31/12/16,Central Coast Mariners,Melbourne City,2,2
Australia,A1,01/01/17,WS Wanderers,Perth Glory,1,1
Australia,A1,01/01/17,Wellington Phoenix,Adelaide United,0,0
Australia,A1,02/01/17,Melbourne Victory,Newcastle Jets,4,2
Australia,A1,05/01/17,Perth Glory,Wellington Phoenix ,2,1
Australia,A1,06/01/17,Melbourne City,WS Wanderers ,1,0
Australia,A1,07/01/17,Adelaide United,Melbourne Victory,0,2
Australia,A1,07/01/17,Brisbane Roar,Newcastle Jets,2,3
Australia,A1,08/01/17,Central Coast Mariners,Sydney FC,2,3
Australia,A1,12/01/17,Adelaide United,Melbourne City,2,1
Australia,A1,13/01/17,Melbourne Victory ,Brisbane Roar,3,2
Australia,A1,14/01/17,Sydney FC,WS Wanderers,0,0
Australia,A1,14/01/17,Wellington Phoenix,Central Coast Mariners,1,0
Australia,A1,15/01/17,Newcastle Jets,Perth Glory ,2,2
Australia,A1,17/01/17,Wellington Phoenix,Melbourne Victory,3,0
Australia,A1,19/01/17,Melbourne City,Central Coast Mariners ,2,1
Australia,A1,20/01/17,Sydney FC,Adelaide United,2,0
Australia,A1,21/01/17,Perth Glory,Melbourne Victory,2,1
Australia,A1,21/01/17,Wellington Phoenix,Brisbane Roar,0,1
Australia,A1,22/01/17,WS Wanderers,Newcastle Jets,2,0
Australia,A1,26/01/17,Melbourne Victory ,Sydney FC,1,2
Australia,A1,27/01/17,Newcastle Jets,Melbourne City,2,1
Australia,A1,28/01/17,Brisbane Roar,WS Wanderers ,2,1
Australia,A1,28/01/17,Central Coast Mariners,Perth Glory ,2,0
Australia,A1,29/01/17,Adelaide United,Wellington Phoenix,2,2
Australia,A1,03/02/17,Brisbane Roar,Sydney FC,0,0
Australia,A1,04/02/17,Perth Glory,Newcastle Jets,3,2
Australia,A1,04/02/17,Melbourne Victory,Melbourne City ,2,1
Australia,A1,04/02/17,Wellington Phoenix ,WS Wanderers,1,3
Australia,A1,05/02/17,Central Coast Mariners,Adelaide United,2,1
Australia,A1,09/02/17,Sydney FC,Wellington Phoenix,3,1
Australia,A1,10/02/17,Adelaide United,Perth Glory,0,5
Australia,A1,11/02/17,Melbourne City,Brisbane Roar,2,2
Australia,A1,12/02/17,WS Wanderers,Central Coast Mariners,0,2
Australia,A1,13/02/17,Newcastle Jets,Melbourne Victory,0,0
Australia,A1,17/02/17,Adelaide United,Newcastle Jets,1,0
Australia,A1,18/02/17,Perth Glory,Brisbane Roar,2,2
Australia,A1,18/02/17,WS Wanderers,Sydney FC,1,0
Australia,A1,18/02/17,Wellington Phoenix,Melbourne City,1,5
Australia,A1,19/02/17,Central Coast Mariners,Melbourne Victory,0,3
Australia,A1,24/02/17,Melbourne City ,Sydney FC,1,3
Australia,A1,25/02/17,Perth Glory,WS Wanderers,2,0
Australia,A1,25/02/17,Melbourne Victory,Adelaide United,2,1
Australia,A1,25/02/17,Brisbane Roar,Wellington Phoenix,1,2
Australia,A1,26/02/17,Newcastle Jets,Central Coast Mariners,1,1
Australia,A1,03/03/17,Sydney FC,Melbourne Victory,1,0
Australia,A1,04/03/17,WS Wanderers,Adelaide United,0,0
Australia,A1,04/03/17,Wellington Phoenix,Perth Glory,3,3
Australia,A1,05/03/17,Newcastle Jets ,Brisbane Roar,1,3
Australia,A1,05/03/17,Central Coast Mariners ,Melbourne City,2,3
Australia,A1,10/03/17,Sydney FC,Central Coast Mariners,1,0
Australia,A1,11/03/17,Melbourne Victory,Perth Glory,4,1
Australia,A1,18/03/17,Melbourne City,Newcastle Jets,4,0
Australia,A1,19/03/17,WS Wanderers,Wellington Phoenix,3,1
Australia,A1,19/03/17,Adelaide United ,Brisbane Roar ,2,1
Australia,A1,24/03/17,WS Wanderers,Melbourne City,3,1
Australia,A1,25/03/17,Brisbane Roar,Melbourne Victory,1,0
Australia,A1,25/03/17,Central Coast Mariners,Adelaide United,2,3
Australia,A1,26/03/17,Perth Glory,Sydney FC,0,3
Australia,A1,26/03/17,Wellington Phoenix,Newcastle Jets,5,0
Australia,A1,31/03/17,Adelaide United,Perth Glory,1,1
Australia,A1,01/04/17,Sydney FC,Melbourne City,3,0
Australia,A1,01/04/17,Newcastle Jets,WS Wanderers,0,3
Australia,A1,02/04/17,Brisbane Roar,Central Coast Mariners,5,1
Australia,A1,02/04/17,Melbourne Victory ,Wellington Phoenix,0,3
Australia,A1,07/04/17,Melbourne City,Adelaide United,1,0
Australia,A1,08/04/17,Perth Glory,Brisbane Roar,3,1
Australia,A1,08/04/17,WS Wanderers,Melbourne Victory ,0,0
Australia,A1,08/04/17,Wellington Phoenix,Sydney FC,1,1
Australia,A1,09/04/17,Central Coast Mariners,Newcastle Jets,2,0
Australia,A1,14/04/17,Melbourne Victory,Central Coast Mariners,1,0
Australia,A1,15/04/17,Adelaide United,WS Wanderers,2,2
Australia,A1,15/04/17,Sydney FC,Newcastle Jets,2,0
Australia,A1,16/04/17,Perth Glory,Melbourne City,5,4
Australia,A1,16/04/17,Brisbane Roar,Wellington Phoenix,4,3
Australia,A1,21/04/17,Brisbane Roar ,WS Wanderers ,2,1
Australia,A1,23/04/17,Melbourne City,Perth Glory ,0,2
Australia,A1,29/04/17,Sydney FC ,Perth Glory,3,0
Australia,A1,30/04/17,Melbourne Victory ,Brisbane Roar,1,0
Australia,A1,07/05/17,Sydney FC ,Melbourne Victory,2,1
Australia,A1,06/10/17,Melbourne City,Brisbane Roar,2,0
Australia,A1,07/10/17,Melbourne Victory,Sydney FC,0,1
Australia,A1,07/10/17,Central Coast Mariners,Newcastle Jets,1,5
Australia,A1,08/10/17,WS Wanderers,Perth Glory,2,1
Australia,A1,08/10/17,Wellington Phoenix,Adelaide United,1,1
Australia,A1,13/10/17,Brisbane Roar,Adelaide United,1,2
Australia,A1,14/10/17,Melbourne Victory,Melbourne City,1,2
Australia,A1,14/10/17,WS Wanderers,Central Coast Mariners ,2,2
Australia,A1,15/10/17,Sydney FC,Wellington Phoenix,3,2
Australia,A1,15/10/17,Newcastle Jets,Perth Glory,2,2
Australia,A1,20/10/17,Adelaide United,Melbourne Victory,2,2
Australia,A1,21/10/17,Sydney FC,WS Wanderers,2,2
Australia,A1,21/10/17,Melbourne City,Wellington Phoenix,1,0
Australia,A1,22/10/17,Perth Glory,Central Coast Mariners,2,1
Australia,A1,22/10/17,Brisbane Roar,Newcastle Jets,1,2
Australia,A1,27/10/17,Sydney FC,Perth Glory,2,0
Australia,A1,28/10/17,Adelaide United,Melbourne City ,0,2
Australia,A1,28/10/17,Wellington Phoenix,Brisbane Roar,3,3
Australia,A1,29/10/17,Central Coast Mariners,Melbourne Victory,1,1
Australia,A1,29/10/17,Newcastle Jets,WS Wanderers,1,1
Australia,A1,03/11/17,Melbourne City,Sydney FC,0,1
Australia,A1,04/11/17,Perth Glory,Adelaide United,1,0
Australia,A1,04/11/17,Newcastle Jets,Wellington Phoenix,3,0
Australia,A1,05/11/17,Brisbane Roar,Central Coast Mariners,0,0
Australia,A1,06/11/17,Melbourne Victory ,WS Wanderers,1,1
Australia,A1,10/11/17,Central Coast Mariners ,Sydney FC,2,0
Australia,A1,11/11/17,Melbourne Victory,Brisbane Roar,1,1
Australia,A1,11/11/17,Adelaide United,Newcastle Jets,1,2
Australia,A1,12/11/17,Melbourne City,WS Wanderers,1,1
Australia,A1,12/11/17,Wellington Phoenix,Perth Glory,5,2
Australia,A1,16/11/17,Central Coast Mariners,Adelaide United,1,2
Australia,A1,17/11/17,Brisbane Roar,Melbourne City,3,1
Australia,A1,18/11/17,Sydney FC,Newcastle Jets,2,1
Australia,A1,19/11/17,Perth Glory,Melbourne Victory,0,2
Australia,A1,23/11/17,Newcastle Jets,Melbourne Victory ,4,1
Australia,A1,24/11/17,Melbourne City ,Perth Glory,1,3
Australia,A1,25/11/17,Sydney FC ,Brisbane Roar ,3,1
Australia,A1,25/11/17,Wellington Phoenix,Central Coast Mariners,1,4
Australia,A1,26/11/17,Adelaide United ,WS Wanderers ,2,0
Australia,A1,01/12/17,Adelaide United,Sydney FC,0,1
Australia,A1,02/12/17,Newcastle Jets,Melbourne City,1,2
Australia,A1,02/12/17,WS Wanderers,Brisbane Roar,0,2
Australia,A1,03/12/17,Central Coast Mariners,Perth Glory,1,0
Australia,A1,03/12/17,Wellington Phoenix,Melbourne Victory,2,3
Australia,A1,08/12/17,Melbourne Victory,Adelaide United ,1,2
Australia,A1,09/12/17,Perth Glory,Newcastle Jets,1,2
Australia,A1,09/12/17,WS Wanderers,Sydney FC,0,5
Australia,A1,09/12/17,Brisbane Roar,Wellington Phoenix,0,0
Australia,A1,10/12/17,Melbourne City,Central Coast Mariners,1,0
Australia,A1,15/12/17,Sydney FC,Melbourne City ,3,1
Australia,A1,16/12/17,Perth Glory,Wellington Phoenix,1,0
Australia,A1,16/12/17,Central Coast Mariners ,WS Wanderers,0,2
Australia,A1,16/12/17,Newcastle Jets,Adelaide United,2,1
Australia,A1,17/12/17,Brisbane Roar,Melbourne Victory,1,2
Australia,A1,21/12/17,Brisbane Roar,Perth Glory,1,2
Australia,A1,22/12/17,Newcastle Jets,WS Wanderers,4,0
Australia,A1,23/12/17,Melbourne City,Melbourne Victory,0,1
Australia,A1,23/12/17,Wellington Phoenix,Sydney FC,1,4
Australia,A1,26/12/17,Adelaide United,Central Coast Mariners,1,0
Australia,A1,29/12/17,Melbourne Victory,Newcastle Jets,2,1
Australia,A1,30/12/17,Sydney FC,Perth Glory,6,0
Australia,A1,30/12/17,Adelaide United,Brisbane Roar ,1,2
Australia,A1,31/12/17,Central Coast Mariners,Wellington Phoenix,0,0
Australia,A1,01/01/18,WS Wanderers,Melbourne City,2,1
Australia,A1,03/01/18,Sydney FC,Newcastle Jets,2,2
Australia,A1,05/01/18,Perth Glory,Adelaide United,0,3
Australia,A1,05/01/18,Brisbane Roar,WS Wanderers,0,2
Australia,A1,06/01/18,Melbourne City,Wellington Phoenix,2,1
Australia,A1,06/01/18,Melbourne Victory,Central Coast Mariners,1,1
Australia,A1,08/01/18,Brisbane Roar,Sydney FC,0,3
Australia,A1,09/01/18,Perth Glory,Melbourne City,0,2
Australia,A1,09/01/18,Newcastle Jets,Central Coast Mariners ,2,0
Australia,A1,10/01/18,WS Wanderers,Adelaide United,1,1
Australia,A1,10/01/18,Wellington Phoenix,Melbourne Victory ,2,1
Australia,A1,12/01/18,Newcastle Jets,Brisbane Roar,1,0
Australia,A1,13/01/18,Melbourne Victory,Perth Glory,3,2
Australia,A1,13/01/18,Wellington Phoenix,WS Wanderers ,1,1
Australia,A1,14/01/18,Adelaide United,Sydney FC,0,0
Australia,A1,14/01/18,Central Coast Mariners,Melbourne City ,2,2
Australia,A1,18/01/18,Brisbane Roar,Perth Glory,3,2
Australia,A1,19/01/18,WS Wanderers,Melbourne Victory,0,3
Australia,A1,20/01/18,Sydney FC,Central Coast Mariners,1,1
Australia,A1,20/01/18,Newcastle Jets,Wellington Phoenix,2,3
Australia,A1,21/01/18,Melbourne City,Adelaide United,5,0
Australia,A1,25/01/18,Melbourne City,Newcastle Jets,2,2
Australia,A1,26/01/18,Melbourne Victory ,Sydney FC,1,3
Australia,A1,27/01/18,Central Coast Mariners ,Brisbane Roar,1,2
Australia,A1,27/01/18,Wellington Phoenix,Adelaide United,0,1
Australia,A1,28/01/18,Perth Glory,WS Wanderers ,3,1
Australia,A1,02/02/18,Sydney FC,Wellington Phoenix,4,0
Australia,A1,03/02/18,Adelaide United,Perth Glory,2,1
Australia,A1,03/02/18,Newcastle Jets,Melbourne Victory,2,0
Australia,A1,04/02/18,Brisbane Roar,Melbourne City,1,2
Australia,A1,04/02/18,Central Coast Mariners,WS Wanderers,1,2
Australia,A1,09/02/18,Melbourne Victory,Brisbane Roar,1,2
Australia,A1,10/02/18,Melbourne City,Sydney FC,0,4
Australia,A1,11/02/18,WS Wanderers,Wellington Phoenix,4,0
Australia,A1,16/02/18,WS Wanderers,Newcastle Jets,2,2
Australia,A1,17/02/18,Adelaide United ,Central Coast Mariners,2,2
Australia,A1,17/02/18,Wellington Phoenix,Perth Glory,2,1
Australia,A1,23/02/18,Central Coast Mariners,Wellington Phoenix,1,0
Australia,A1,24/02/18,Perth Glory,Melbourne City ,2,1
Australia,A1,24/02/18,Melbourne Victory,Adelaide United ,3,0
Australia,A1,24/02/18,Brisbane Roar,Newcastle Jets,0,1
Australia,A1,25/02/18,Sydney FC,WS Wanderers,3,1
Australia,A1,02/03/18,Melbourne City,Melbourne Victory,1,2
Australia,A1,03/03/18,Brisbane Roar,Adelaide United,1,0
Australia,A1,03/03/18,Newcastle Jets ,Sydney FC,2,1
Australia,A1,04/03/18,WS Wanderers,Perth Glory ,1,1
Australia,A1,10/03/18,Perth Glory,Central Coast Mariners,3,1
Australia,A1,10/03/18,WS Wanderers,Wellington Phoenix,4,1
Australia,A1,16/03/18,Adelaide United,Melbourne City,1,1
Australia,A1,17/03/18,Sydney FC,Brisbane Roar,1,2
Australia,A1,17/03/18,Wellington Phoenix,Newcastle Jets,0,1
Australia,A1,18/03/18,Melbourne Victory,Central Coast Mariners,5,2
Australia,A1,23/03/18,Adelaide United,Newcastle Jets ,5,2
Australia,A1,24/03/18,Melbourne City,WS Wanderers,3,0
Australia,A1,24/03/18,Central Coast Mariners,Sydney FC,1,2
Australia,A1,25/03/18,Perth Glory,Melbourne Victory,1,0
Australia,A1,25/03/18,Wellington Phoenix,Brisbane Roar,2,2
Australia,A1,29/03/18,Perth Glory,Sydney FC,2,3
Australia,A1,30/03/18,Adelaide United,Wellington Phoenix,3,1
Australia,A1,31/03/18,Melbourne Victory ,WS Wanderers ,3,1
Australia,A1,31/03/18,Brisbane Roar,Central Coast Mariners,1,0
Australia,A1,01/04/18,Newcastle Jets,Melbourne City,0,3
Australia,A1,06/04/18,Newcastle Jets,Perth Glory,0,2
Australia,A1,07/04/18,Melbourne City,Central Coast Mariners,1,0
Australia,A1,07/04/18,WS Wanderers,Brisbane Roar,3,0
Australia,A1,08/04/18,Sydney FC,Adelaide United,3,0
Australia,A1,08/04/18,Melbourne Victory,Wellington Phoenix ,2,1
Australia,A1,13/04/18,Sydney FC,Melbourne Victory,1,0
Australia,A1,14/04/18,Perth Glory,Brisbane Roar,2,3
Australia,A1,14/04/18,Central Coast Mariners,Newcastle Jets,2,8
Australia,A1,14/04/18,Wellington Phoenix,Melbourne City,2,1
Australia,A1,15/04/18,WS Wanderers ,Adelaide United,2,3
Australia,A1,20/04/18,Melbourne City ,Brisbane Roar,2,0
Australia,A1,22/04/18,Melbourne Victory ,Adelaide United,2,1
Australia,A1,27/04/18,Newcastle Jets ,Melbourne City,2,1
Australia,A1,28/04/18,Sydney FC,Melbourne Victory ,2,3
Australia,A1,05/05/18,Newcastle Jets ,Melbourne Victory ,0,1
Australia,A1,19/10/18,Adelaide United,Sydney FC,1,1
Australia,A1,20/10/18,Melbourne Victory,Melbourne City,1,2
Australia,A1,21/10/18,Perth Glory,WS Wanderers,1,1
Australia,A1,21/10/18,Brisbane Roar,Central Coast Mariners,1,1
Australia,A1,21/10/18,Wellington Phoenix,Newcastle Jets,2,1
Australia,A1,26/10/18,Adelaide United,Newcastle Jets,1,1
Australia,A1,27/10/18,Sydney FC,WS Wanderers,2,0
Australia,A1,27/10/18,Central Coast Mariners,Melbourne City,1,1
Australia,A1,28/10/18,Melbourne Victory,Perth Glory,2,3
Australia,A1,28/10/18,Brisbane Roar,Wellington Phoenix,0,0
Australia,A1,02/11/18,Melbourne City,Sydney FC,0,3
Australia,A1,03/11/18,Perth Glory ,Brisbane Roar,2,1
Australia,A1,03/11/18,Newcastle Jets,Melbourne Victory,0,1
Australia,A1,03/11/18,Wellington Phoenix,WS Wanderers,0,3
Australia,A1,04/11/18,Central Coast Mariners,Adelaide United,0,3
Australia,A1,09/11/18,Melbourne City,Wellington Phoenix,2,0
Australia,A1,10/11/18,Newcastle Jets,Sydney FC,1,1
Australia,A1,10/11/18,WS Wanderers,Brisbane Roar,2,2
Australia,A1,11/11/18,Melbourne Victory,Central Coast Mariners,4,1
Australia,A1,11/11/18,Adelaide United,Perth Glory,0,2
Australia,A1,23/11/18,WS Wanderers,Newcastle Jets,0,2
Australia,A1,24/11/18,Brisbane Roar,Melbourne City,2,0
Australia,A1,24/11/18,Wellington Phoenix,Adelaide United,1,3
Australia,A1,25/11/18,Perth Glory,Central Coast Mariners ,3,2
Australia,A1,25/11/18,Sydney FC,Melbourne Victory,1,2
Australia,A1,30/11/18,Adelaide United ,Brisbane Roar ,2,1
Australia,A1,01/12/18,Melbourne Victory,WS Wanderers,4,0
Australia,A1,01/12/18,Central Coast Mariners,Sydney FC,1,2
Australia,A1,02/12/18,Melbourne City,Newcastle Jets,3,0
Australia,A1,02/12/18,Wellington Phoenix ,Perth Glory,1,1
Australia,A1,07/12/18,WS Wanderers,Central Coast Mariners,2,0
Australia,A1,08/12/18,Perth Glory,Melbourne City ,1,0
Australia,A1,08/12/18,Melbourne Victory,Adelaide United,2,0
Australia,A1,08/12/18,Sydney FC,Wellington Phoenix,1,3
Australia,A1,09/12/18,Newcastle Jets,Brisbane Roar,2,0
Australia,A1,14/12/18,Brisbane Roar ,Melbourne Victory,2,4
Australia,A1,15/12/18,WS Wanderers ,Sydney FC,1,3
Australia,A1,15/12/18,Wellington Phoenix,Central Coast Mariners,2,0
Australia,A1,16/12/18,Adelaide United,Melbourne City,0,2
Australia,A1,16/12/18,Newcastle Jets,Perth Glory,0,2
Australia,A1,21/12/18,Perth Glory,Sydney FC,1,2
Australia,A1,22/12/18,Melbourne City,Melbourne Victory,1,1
Australia,A1,22/12/18,Wellington Phoenix,Brisbane Roar,4,1
Australia,A1,23/12/18,Central Coast Mariners,Newcastle Jets,1,2
